FirstName,LastName,EmailAddress,PhoneNumber,StreetAddress,CityName,StateName,ZipCode
John,Doe,john.doe@example.com,555-0100,123 Main St,Springfield,IL,62701
Manman,Seek,john.doe@example.com,179-261-8127,321 Elm St,Springfield,IL,78701
Deep ,GPT,jane.smith@example.com,492-476-9686,123 Main St,Springfield,IL,85001
James,Cargo,charlie.b@example.com,954-675-2174,123 Main St,Springfield,IL,60601
Jane,Smith,jane.smith@example.com,555-0101,456 Oak Ave,Portland,OR,97201
Bob,Johnson,bob.j@example.com,555-0102,789 Pine Rd,Denver,CO,80201
Alice,Williams,alice.w@example.com,555-0103,321 Elm St,Austin,TX,78701
Charlie,Brown,charlie.b@example.com,555-0104,654 Maple Dr,Seattle,WA,98101
Diana,Davis,diana.d@example.com,555-0105,987 Cedar Ln,Boston,MA,02101
Frank,Miller,frank.m@example.com,555-0106,147 Birch Way,Phoenix,AZ,85001
Grace,Wilson,grace.w@example.com,555-0107,258 Spruce Ct,Miami,FL,33101
Henry,Moore,henry.m@example.com,555-0108,369 Ash Blvd,Atlanta,GA,85001
Iris,Taylor,iris.t@example.com,555-0109,741 Willow Pl,Chicago,IL,60601
Lodovico,Egarr,legarr1@cdbaby.com,781-779-6360,16311 Ridgeview Crossing,Boston,Massachusetts,02114
Vikki,Rooney,vrooney2@theglobeandmail.com,864-321-5472,5182 Starling Trail,East Angus,Québec,
Nan,Chettle,nchettle3@qq.com,838-806-7457,988 Lotheville Way,Yamparáez,Texas,
Roma,McLucas,rmclucas4@prnewswire.com,874-473-5037,1756 Hazelcrest Court,Mae Chan,Texas,57110
Lyssa,Seres,lseres5@discuz.net,179-261-8127,7 Ridgeview Court,Margasari,Texas,
Brigida,Siccombe,bsiccombe6@forbes.com,457-987-2577,044 Aberg Pass,Okuchi,Texas,895-2635
Bendix,Goulding,bgoulding7@163.com,369-489-1576,795 Bonner Way,Krujë,Texas,
Harlin,Pagitt,hpagitt8@freewebs.com,492-476-9686,24748 Schiller Terrace,Fak Tha,Texas,53160
Druci,Partington,dpartington9@jigsy.com,864-840-5734,216 Sage Trail,Pecka,Texas,507 82
Bartram,Wolfendell,bwolfendella@instagram.com,717-654-6843,9867 Eggendart Center,Lidu,Texas,
Gram,Minci,gmincib@ted.com,255-147-4297,30247 Dakota Hill,Rio Verde de Mato Grosso,Texas,79480-000
Bennie,Tayt,btaytc@home.pl,185-892-8353,8285 Northridge Park,Bereeda,Texas,
Sianna,Aslin,saslind@fema.gov,954-675-2174,6703 Magdeline Pass,Lidong,Texas,
Barbe,Asbury,basburye@about.me,210-739-8865,562 Lake View Alley,San Antonio,Texas,78265
Ulberto,Keggins,ukegginsf@cpanel.net,317-451-0080,005 Jenna Road,Graikochóri,Texas,
Lindsay,Chanson,lchansong@edublogs.org,797-234-0591,63062 Canary Crossing,Buenos Aires,Texas,
Thornie,Tolomio,ttolomioh@cornell.edu,971-880-2051,7335 Ramsey Lane,Gusinoozyorsk,Texas,671178
Pippo,Connett,pconnetti@addthis.com,853-545-6396,0604 Hovde Pass,Mauhao,Texas,5214
Lucila,Aikman,laikmanj@ocn.ne.jp,622-926-4292,01584 Troy Junction,Kájov,Texas,382 21
Andeee,Zannotelli,azannotellik@redcross.org,887-706-6397,1 Waubesa Street,Arbois,Franche-Comté,39605 CEDEX
Livvie,Jakoubec,ljakoubecl@mozilla.com,540-227-1682,35 Schmedeman Point,Trollhättan,Västra Götaland,461 58
Ravid,Elland,rellandm@joomla.org,983-822-4095,30 Dayton Center,Boulaouane,Braga,
Reggy,Mechell,rmechelln@unc.edu,511-456-1672,086 Rigney Terrace,Az¸ Z¸a?ayin,Braga,
Millie,Harses,mharseso@about.com,436-770-8986,97 Florence Crossing,Toul,Lorraine,
Consuela,Cuesta,ccuestap@trellian.com,492-138-3038,078 Mockingbird Court,Fafe,Braga,4820-009
Bobbie,Gaukrodge,bgaukrodgeq@bloglovin.com,424-309-8849,66294 Ridgeview Trail,Piraju,,18800-000
Marisa,Clausen,mclausenr@loc.gov,453-291-8062,54 Dawn Street,Guangping,,
Meris,Parzis,mparziss@blogs.com,902-994-4759,94796 Elmside Pass,Biliri,,
Danya,Grieveson,dgrievesont@home.pl,520-905-0571,3683 Pond Place,San Pedro,Guanajuato,37861
Jorry,Di Pietro,jdipietrou@phoca.cz,951-518-4028,110 Oak Court,Săo Lourenço,,37470-000
Tiphanie,Vonderdell,tvonderdellv@economist.com,966-447-5446,32910 Cherokee Trail,Canha,Setúbal,2985-006
Cyndia,Feaver,cfeaverw@elpais.com,903-527-1444,93103 Thackeray Center,Rodotópi,,
Delora,Nockles,dnocklesx@dell.com,352-331-5991,3 Fuller Lane,Libuganon,,6615
Teodoor,Hamshere,thamsherey@ihg.com,936-385-1512,9 Sage Terrace,Bjästa,Västernorrland,893 23
Gerrie,Sleigh,gsleighz@nydailynews.com,784-362-9712,3 Maple Wood Alley,Salisbury,Västernorrland,
Lynnette,Nuschke,lnuschke10@smh.com.au,622-776-1470,1684 6th Parkway,Menanga,Västernorrland,
Nadia,Halls,nhalls11@github.io,305-447-1014,53439 Mendota Place,Huichang,Västernorrland,
Mindy,Lardeux,mlardeux12@infoseek.co.jp,841-261-3204,05 Almo Avenue,Ariguaní,Västernorrland,152247
Fiorenze,Bakeup,fbakeup13@cnbc.com,566-367-8405,8093 Mifflin Street,Fey?abad,Västernorrland,
Rickie,Baggalley,rbaggalley14@mac.com,493-157-6499,90 Loeprich Street,Neópolis,Västernorrland,49980-000
Merline,Rigge,mrigge15@bravesites.com,367-428-1780,80764 Corry Junction,Mogi Mirim,Västernorrland,13800-000
Cristobal,Tindle,ctindle16@twitter.com,531-198-4062,6312 Dovetail Avenue,Pingshan,Västernorrland,
Grove,Cregeen,gcregeen17@tinypic.com,989-323-1405,6784 Forest Court,Eslöv,Skĺne,241 32
Bernadene,Dugood,bdugood18@jigsy.com,385-624-1240,222 Corry Park,Veselí nad Moravou,Skĺne,698 01
Ashli,Blaszczyk,ablaszczyk19@google.pl,417-386-0365,7373 Carberry Pass,Hongcheng,Skĺne,
Angus,Bohden,abohden1a@hexun.com,145-301-4649,2847 Spenser Avenue,Novodmitriyevskaya,Skĺne,353250
Syd,Paddington,spaddington1b@cafepress.com,218-130-4194,94 Sherman Park,Stutterheim,Skĺne,4935
Tobi,Cockcroft,tcockcroft1c@bigcartel.com,425-183-6151,02 Dunning Drive,Qingtaiping,Skĺne,
Audrey,Lakenton,alakenton1d@usatoday.com,768-687-1998,363 Eastwood Court,El Carmen,Skĺne,
Barbabra,Diperaus,bdiperaus1e@vkontakte.ru,355-887-5817,13 Almo Plaza,Villejuif,Skĺne,94804 CEDEX
Derrek,Sisley,dsisley1f@skyrock.com,658-473-5863,3585 Sherman Trail,Trzin,Skĺne,1236
Finlay,Boulds,fboulds1g@unblog.fr,997-668-3877,9 Namekagon Pass,Meedhoo,Skĺne,
Mason,Loddon,mloddon1h@europa.eu,979-146-7564,990 Boyd Pass,Anrong,Skĺne,
Brook,Raye,braye1i@technorati.com,671-609-4710,9 Northridge Alley,Tangkil,Skĺne,
Doll,Sockell,dsockell1j@rakuten.co.jp,664-650-1902,28 Sunfield Crossing,Bazar-Korgon,Skĺne,
Babb,Januszewicz,bjanuszewicz1k@e-recht24.de,933-197-3362,26536 Reinke Road,Guaitarilla,Skĺne,525508
Rosalinda,McGill,rmcgill1l@spotify.com,369-144-4495,33 Esch Alley,Skövde,Skĺne,541 33
Verney,Filkin,vfilkin1m@home.pl,501-139-7882,716 Clove Park,North Little Rock,Skĺne,72118
Tiffy,Baptie,tbaptie1n@slideshare.net,208-656-3416,29 Hanson Center,Shixiang,Skĺne,
Marylou,Phillis,mphillis1o@cafepress.com,683-883-9412,6090 Cordelia Circle,Atolina,Skĺne,
Larisa,Wabersinke,lwabersinke1p@narod.ru,819-603-2341,84586 Dovetail Court,Olovyannaya,Skĺne,674504
Allyson,Coppard,acoppard1q@acquirethisname.com,311-310-4866,87520 Briar Crest Way,Galis,Skĺne,
Bord,Ivushkin,bivushkin1r@netvibes.com,221-284-5065,1 Anhalt Street,Emiliano Zapata,Baja California,21460
Demetrius,Seagrave,dseagrave1s@clickbank.net,189-328-6938,8039 Derek Lane,Sergokala,Baja California,307351
Elene,Schimann,eschimann1t@123-reg.co.uk,987-336-6714,75 Russell Point,Komsomol?skiy,Baja California,249716
Madonna,McGibbon,mmcgibbon1u@ca.gov,184-947-4493,037 Wayridge Plaza,Texistepeque,Baja California,
Ivor,Gange,igange1v@nationalgeographic.com,792-665-0373,5335 Homewood Road,Bom Despacho,Baja California,35600-000
Niccolo,Dowding,ndowding1w@ebay.com,118-631-9246,792 Hagan Way,Qiankou,Baja California,
Arline,Oyley,aoyley1x@wix.com,205-269-2316,10106 Oak Place,Birmingham,Alabama,35236
Terrye,Behrendsen,tbehrendsen1y@engadget.com,510-128-6013,83 Park Meadow Junction,Th? Tr?n Qu?ng Uyęn,Alabama,
Berti,Opdenorth,bopdenorth1z@jigsy.com,732-367-1204,1975 Coolidge Center,Thun,Kanton Bern,3604
Mandi,Hatherley,mhatherley20@delicious.com,202-865-9684,2994 Hudson Crossing,Washington,District of Columbia,20022
Ekaterina,Waldren,ewaldren21@w3.org,326-284-0450,665 Rigney Place,Huaribamba,Alabama,
Neils,Betz,nbetz22@shinystat.com,508-627-8958,18 Bultman Trail,El Tambo,Alabama,522068
Rafaelia,De Gregario,rdegregario23@utexas.edu,843-422-1924,924 Delladonna Court,Machinga,Alabama,
Diandra,Jendrich,djendrich24@comcast.net,213-219-5233,2159 Sunfield Junction,Los Angeles,California,90030
Tommy,Reede,treede25@uol.com.br,931-879-0530,97620 Menomonie Street,Rabat,California,
Grace,Cogdell,gcogdell26@google.nl,238-935-0370,58725 Summerview Road,Gubkinskiy,California,427275
Margret,Marty,mmarty27@tmall.com,779-141-3404,65246 Montana Trail,Outeiro de Polima,Lisboa,2785-505
Herminia,Beldon,hbeldon28@webs.com,509-578-2382,108 Meadow Vale Plaza,Sakerta Timur,,
Abner,Attock,aattock29@g.co,103-274-7390,96 Golden Leaf Pass,La Mesa,Mexico,51462
Hersch,Ceresa,hceresa2a@4shared.com,434-373-0952,062 Kropf Crossing,Batukuta,,
Charlot,Marchand,cmarchand2b@odnoklassniki.ru,810-950-7917,21537 Schmedeman Trail,Nazaré,,77895-000
Vale,Crellin,vcrellin2c@bloomberg.com,319-269-1929,3 Sherman Hill,Bangeran,,
Lombard,Cockland,lcockland2d@rambler.ru,842-717-4799,92 Oak Valley Junction,Créteil,Île-de-France,94019 CEDEX
Tamra,Huortic,thuortic2e@liveinternet.ru,879-568-0347,3 Cottonwood Place,Xianxi,,
Bartel,Di Frisco,bdifrisco2f@miitbeian.gov.cn,389-630-3082,88 Bellgrove Plaza,Nakambala,,
Mable,Baldetti,mbaldetti2g@sakura.ne.jp,137-751-1042,913 Ludington Junction,Pajaten,,
Feodor,Coldtart,fcoldtart2h@purevolume.com,407-413-9586,90 New Castle Junction,Angus,Ontario,J8Y
Amalia,Avrashin,aavrashin2i@rediff.com,319-502-5798,1640 Spenser Parkway,Gustavia,,
Jenny,Scarbarrow,jscarbarrow2j@networksolutions.com,847-339-3075,3413 Goodland Place,Palatine,Illinois,60078
Joyce,Partner,jpartner2k@goo.ne.jp,760-300-4164,5 Onsgard Hill,Sumalig,,9211
Roderick,Noseworthy,rnoseworthy2l@hibu.com,894-549-6037,0 Eastlawn Alley,Vestmannaeyjar,,902
Angus,Farryan,afarryan2m@businessinsider.com,961-975-3330,40 Acker Center,San Ignacio,,
Edsel,Jiles,ejiles2n@loc.gov,592-524-0633,4 Center Avenue,Ciwaru,,
Bar,Paulillo,bpaulillo2o@upenn.edu,254-178-7081,760 Toban Place,?rnovo,,20275
Mirabelle,Mattiessen,mmattiessen2p@ox.ac.uk,531-543-4684,2795 Tennessee Road,Křbenhavn,Region Hovedstaden,1291
Bronny,Armfirld,barmfirld2q@phoca.cz,580-293-7757,9687 Pepper Wood Hill,Morteros,,2421
Ysabel,Cambridge,ycambridge2r@icq.com,374-635-3370,515 Crownhardt Place,Novais,Viseu,3660-410
Lillis,Polino,lpolino2s@t.co,658-872-0799,96 Macpherson Trail,Rathdrum,,V14
Nobe,Burras,nburras2t@slideshare.net,912-434-1455,3 Orin Park,Oele,,
Vinson,Traske,vtraske2u@symantec.com,465-471-2691,9 Stoughton Road,Markova,,
Ab,Jobling,ajobling2v@xrea.com,833-308-4524,54978 Ludington Center,Jiuquan,,
Jenilee,Sushams,jsushams2w@ucsd.edu,782-745-8166,1652 Schmedeman Crossing,Roubaix,Nord-Pas-de-Calais,59100
Deanne,Halsey,dhalsey2x@123-reg.co.uk,812-352-8531,916 Esker Plaza,Maao,,6124
Wayne,Padgham,wpadgham2y@prlog.org,582-540-8521,2 Scofield Pass,San Ignacio,,
Vivianna,Westhoff,vwesthoff2z@mtv.com,765-791-6463,04996 Pennsylvania Circle,Cernik,,51219
Hakeem,Hallowes,hhallowes30@apache.org,144-769-2262,99 Dawn Terrace,Ruihong,,
Bendicty,Tenniswood,btenniswood31@ezinearticles.com,467-149-7714,3681 Sundown Way,Taliouine,,
Tedmund,Overal,toveral32@state.gov,342-863-4530,068 Rieder Terrace,Quva,,
Gilbertina,O'Connel,goconnel33@jalbum.net,498-919-0735,5 Chinook Lane,Pingdu,,
Niven,Reuther,nreuther34@wikia.com,602-301-1092,3 Sauthoff Parkway,Mesa,Arizona,85205
Travis,Brownsey,tbrownsey35@prnewswire.com,312-268-6286,9493 Arizona Drive,Ersekë,Arizona,
Jerri,Blakemore,jblakemore36@howstuffworks.com,416-554-2947,9 Lunder Way,Danao,Arizona,6344
Dre,Baraja,dbaraja37@state.tx.us,305-652-5339,5 Forest Pass,Semiluki,Arizona,396931
Karlen,Hambatch,khambatch38@eepurl.com,334-937-5134,21 Farragut Circle,Baylo,Arizona,1106
Gerta,Pepon,gpepon39@mozilla.com,817-628-3553,595 David Crossing,Slubice,Arizona,69-101
Sheelah,Squires,ssquires3a@163.com,401-358-0444,9 Welch Hill,Funafuti,Arizona,
Merna,Faiers,mfaiers3b@tinyurl.com,479-851-7570,2848 Blackbird Street,Tanamiting,Arizona,
Miguelita,Wilse,mwilse3c@harvard.edu,505-303-5230,46 Iowa Park,Karonga,Arizona,
Carny,Kopisch,ckopisch3d@freewebs.com,643-405-5171,0134 Colorado Terrace,Shizikeng,Arizona,
Boigie,Rivel,brivel3e@youtu.be,667-580-7447,031 Lotheville Hill,Bojongnangka,Arizona,
Darnall,Mallabund,dmallabund3f@loc.gov,161-140-8126,65536 Pankratz Way,Glinojeck,Arizona,06-450
Georgi,Fern,gfern3g@pinterest.com,481-261-3185,0946 Evergreen Junction,Guazacapán,Arizona,06011
Jemie,Leall,jleall3h@domainmarket.com,761-910-9123,4 Clyde Gallagher Junction,Macau,Arizona,
Lana,Grestye,lgrestye3i@uol.com.br,479-414-5603,6376 Warbler Street,Heshi,Arizona,
Gerianna,Pretty,gpretty3j@dyndns.org,642-502-0138,38433 Burrows Circle,Jämsänkoski,Arizona,42301
Bern,Leehane,bleehane3k@com.com,256-669-4569,93510 Vera Place,Youyang,Arizona,
Gordon,Sydenham,gsydenham3l@tamu.edu,254-617-5286,6 Butterfield Circle,Simeykyne,Arizona,
Abbye,Edser,aedser3m@disqus.com,587-455-6626,02966 Old Shore Center,Shushenskoye,Arizona,655672
Lorenza,Frentz,lfrentz3n@yellowpages.com,890-550-5847,217 Dennis Hill,Buenavista,Sinaloa,81806
Trina,Stanfield,tstanfield3o@google.co.jp,359-470-9809,9323 Truax Parkway,Th? Tr?n M?c Châu,Sinaloa,
Samaria,Ugo,sugo3p@merriam-webster.com,131-241-6772,570 Monument Avenue,Akita Shi,Sinaloa,501-1235
Gaylene,Iskowicz,giskowicz3q@ezinearticles.com,975-357-3851,871 Village Avenue,Irará,Sinaloa,44255-000
Brandy,Blanchet,bblanchet3r@github.io,187-204-3908,7 Moulton Plaza,Ennery,Sinaloa,
Kenna,Guiel,kguiel3s@dropbox.com,636-984-3673,9260 Erie Place,Belén de Escobar,Sinaloa,1625
Casar,Manville,cmanville3t@vistaprint.com,658-656-2456,13 Thackeray Alley,San Miguel,Sinaloa,8301
Filide,Dabnot,fdabnot3u@google.ru,283-155-5366,3 Hauk Pass,Granada,Sinaloa,252257
Bellina,Creedland,bcreedland3v@berkeley.edu,476-264-2042,6549 Riverside Point,Castro Daire,Viseu,3600-073
Jillene,Santen,jsanten3w@wufoo.com,703-320-7538,33540 Lindbergh Place,Shatian,Viseu,
Morley,Ygo,mygo3x@ustream.tv,463-871-8449,46615 Lindbergh Trail,El Cańo,Viseu,
Cash,Lindenberg,clindenberg3y@woothemes.com,215-917-7871,4161 Pawling Hill,Kolonowskie,Viseu,47-113
Eleanore,Flode,eflode3z@mysql.com,252-380-9141,11 Clarendon Court,Piedecuesta,Viseu,681027
Ali,Fegan,afegan40@nih.gov,995-938-0136,6 Myrtle Alley,Zhezqazghan,Viseu,
Austin,Minster,aminster41@wordpress.com,225-108-9452,3020 Spohn Plaza,Baton Rouge,Louisiana,70826
Lon,Blanking,lblanking42@friendfeed.com,550-246-2729,4554 Melody Trail,Kapsan-up,Louisiana,
Marvin,Jeanin,mjeanin43@unicef.org,448-657-9358,1565 Dryden Drive,Yaypan,Louisiana,
Iago,Deeny,ideeny44@wix.com,478-532-0877,7048 Kennedy Terrace,Versailles,Louisiana,78014 CEDEX
Brittaney,Brankley,bbrankley45@bigcartel.com,247-262-9728,741 Merchant Plaza,Dumandesa,Louisiana,
Myca,Axcell,maxcell46@youku.com,223-670-2891,874 5th Alley,Bojonghaur,Louisiana,
Albertina,Johnke,ajohnke47@theatlantic.com,880-453-4410,2508 Anhalt Hill,Lung H?,Louisiana,
Trixy,Hawksley,thawksley48@wiley.com,748-681-4837,693 Corry Parkway,Point Hill,Louisiana,
Jenn,Gass,jgass49@webs.com,398-293-7253,0501 Westerfield Plaza,Lewopao,Louisiana,
Lavina,Djuricic,ldjuricic4a@netscape.com,692-208-1848,174 Artisan Circle,Xincheng,Louisiana,
Fairleigh,Lightwing,flightwing4b@reuters.com,831-902-0522,3338 Anzinger Drive,Ro?dalovice,Louisiana,289 34
Mordy,Do,mdo4c@skype.com,120-307-2296,25 Rockefeller Point,Tebon,Louisiana,
Morly,Vango,mvango4d@mozilla.com,418-626-1386,38915 Laurel Hill,Montpellier,Languedoc-Roussillon,34064 CEDEX 2
Lewes,Heale,lheale4e@ovh.net,524-123-4897,246 Meadow Vale Center,Sinarharapan,,
Catie,Gaskin,cgaskin4f@google.co.uk,406-884-3549,00306 Marquette Junction,Vratsa,,3053
Gwenni,Sweeny,gsweeny4g@blinklist.com,392-753-3260,300 Fair Oaks Plaza,Garça,,17400-000
Anne,McDougald,amcdougald4h@tmall.com,541-817-3137,0 Rigney Road,Nanyo,,2508
Hayes,Fardoe,hfardoe4i@wikipedia.org,406-508-8084,940 Elka Crossing,San Nicolás de los Arroyos,,2900
Victor,Dionisio,vdionisio4j@photobucket.com,949-684-3902,88391 Atwood Center,Jargalant,,
Cheston,Naisby,cnaisby4k@craigslist.org,430-545-8706,37 Saint Paul Center,Montpellier,Languedoc-Roussillon,34080
Brock,Ochterlony,bochterlony4l@goo.ne.jp,237-495-6067,30 Hauk Lane,Karangturi,,
Lorenzo,Charrette,lcharrette4m@sitemeter.com,606-923-4170,53975 Texas Lane,Cisarap,,
Guthrey,Sowden,gsowden4n@creativecommons.org,117-819-3126,509 Debra Parkway,Marigot,,
Redd,Sante,rsante4o@slashdot.org,953-233-0007,0822 Mcbride Pass,Esuk Oron,,
Louise,Baggiani,lbaggiani4p@unicef.org,114-781-4857,3800 Barby Drive,Madrid,Madrid,28020
Shepard,Lawranson,slawranson4q@amazon.com,738-990-4618,50170 Northport Center,Mrzezyno,Cantabria,72-330
Shaine,Beeble,sbeeble4r@theguardian.com,983-169-0686,33249 Coolidge Way,Ibagué,Cantabria,730019
Ernst,Shard,eshard4s@hexun.com,504-815-4064,3514 Rieder Point,Buutuo,Cantabria,
Bert,Szwarc,bszwarc4t@businessinsider.com,919-638-0840,29665 Ohio Street,Bantuanon,Cantabria,6311
Orly,Pennetti,opennetti4u@reverbnation.com,465-370-3524,407 Lien Crossing,Besisahar,Cantabria,
Nicolle,Sumption,nsumption4v@canalblog.com,715-676-4243,7 Dayton Avenue,Santander,Cantabria,39005
Guthrie,Moverley,gmoverley4w@senate.gov,397-600-1603,24 Namekagon Parkway,Art Khwajah,Cantabria,
Aloysius,Durgan,adurgan4x@bloglines.com,112-558-6144,056 Shelley Trail,Szczerców,Cantabria,97-420
Glynnis,Harsnipe,gharsnipe4y@mashable.com,227-516-9910,87790 Hintze Crossing,Jinhua,Cantabria,
Ravi,Krauss,rkrauss4z@springer.com,738-965-5480,6 Autumn Leaf Plaza,Pampa del Infierno,Cantabria,3708
Carey,Bulger,cbulger50@va.gov,447-782-0244,44 Sunnyside Place,Abreus,Cantabria,
Mortie,Dalgetty,mdalgetty51@ibm.com,377-796-1598,78026 Del Mar Place,Bogi,Cantabria,
Rheba,Treske,rtreske52@purevolume.com,102-319-1307,73122 Haas Street,Göteborg,Västra Götaland,411 21
Nonie,Lynnett,nlynnett53@mediafire.com,728-762-1390,5065 Dorton Road,Zolotyy Potik,,
Jorry,Grassi,jgrassi54@diigo.com,465-832-6089,780 Troy Point,Corral de Bustos,,2645
Fayth,Gleaves,fgleaves55@wikia.com,486-191-7533,4214 Armistice Parkway,Wakema,,
Kaleb,McGillreich,kmcgillreich56@theguardian.com,468-136-8854,9 Dennis Parkway,Cardal,Santarém,2260-510
Didi,MacAlees,dmacalees57@bluehost.com,207-513-0816,05 Hermina Lane,Fonte de Angeăo,Aveiro,3840-165
Emanuele,Bow,ebow58@va.gov,948-207-3460,33555 David Road,Loanda,,87900-000
Miof mela,Gilburt,mgilburt59@vinaora.com,665-926-0881,3066 Dakota Lane,Kotri,,76000
Ashlan,Iianon,aiianon5a@cocolog-nifty.com,728-523-7066,21 Surrey Terrace,Lianyuan,,
Agretha,Thrustle,athrustle5b@angelfire.com,320-564-0347,084 Del Sol Center,Rixi,,
Brigit,Tremelling,btremelling5c@biblegateway.com,241-434-9279,4106 Union Circle,Trzebieszów,,21-404
Cad,Daal,cdaal5d@rediff.com,577-334-9706,2150 Beilfuss Trail,Irkliyevskaya,,353144
Mahmoud,Dominick,mdominick5e@google.com.au,229-603-9705,7158 Lillian Circle,Wuxiang,,
Carolyn,Meaking,cmeaking5f@furl.net,692-805-1659,6022 Myrtle Circle,Pavlovka,,446154
Davie,Visco,dvisco5g@ustream.tv,232-751-7435,563 West Park,Jiuxian,,
Faustina,Verey,fverey5h@over-blog.com,463-208-6125,85010 Sycamore Terrace,Sapotskin,,
Calida,Mechi,cmechi5i@answers.com,456-522-0538,91854 Pankratz Court,Proletar,,
Quentin,Dennerly,qdennerly5j@vistaprint.com,879-355-3591,983 Main Drive,Mandaguari,,86975-000
Francisco,Hembry,fhembry5k@mac.com,826-859-5158,089 Dwight Point,Vacha,,606168
Rebe,Maryet,rmaryet5l@japanpost.jp,196-959-3911,7 Fairview Terrace,Sokoto,,
Dee dee,Camelia,dcamelia5m@google.pl,362-798-7637,1883 Evergreen Point,Palayan City,,
Cletis,Trime,ctrime5n@comsenz.com,645-908-6981,47156 Grasskamp Center,Porkhov,,164646
Inesita,Scoyne,iscoyne5o@linkedin.com,421-306-3832,9 Moulton Junction,Hengtanggang,,
Temp,Hanham,thanham5p@mashable.com,260-339-4835,40 Nelson Avenue,Pelabuhan Dagang,,
Conny,Ansteys,cansteys5q@intel.com,188-854-0619,6726 Lyons Way,Ramon Magsaysay,,7024
Marshall,Lardnar,mlardnar5r@w3.org,277-846-3557,91 Corben Crossing,Karanggeneng,,
Celestina,Doylend,cdoylend5s@dmoz.org,855-329-2072,524 Bashford Park,Katy Wroclawskie,,55-080
Frasquito,Utterson,futterson5t@t.co,710-910-3853,7 6th Junction,Kouzhen,,
Lyn,Gilhoolie,lgilhoolie5u@army.mil,465-453-4927,07 Londonderry Hill,Sabirabad,,
Timothea,Russi,trussi5v@bloomberg.com,561-527-6502,40435 Stang Park,Pita,,
Tamra,McKaile,tmckaile5w@dailymail.co.uk,516-649-4668,9587 Pepper Wood Point,Chixi,,
Cleve,Blackstock,cblackstock5x@wsj.com,236-613-0748,63358 Redwing Drive,Jayanca,,
Grange,Mueller,gmueller5y@google.it,410-859-3725,12 Forster Terrace,Baltimore,Maryland,
Flossie,Barstock,fbarstock5z@ebay.co.uk,570-896-6305,66672 Waxwing Parkway,Tiemen,,
Cindy,Hardaway,chardaway60@ocn.ne.jp,767-353-6655,1 Oriole Drive,Skien,Telemark,3716
Archambault,Wale,awale61@house.gov,731-986-4506,8938 Eagle Crest Hill,Foso,,
Amanda,Allday,aallday62@odnoklassniki.ru,323-869-2505,6 6th Alley,Zhamao,,
Cheston,Kasting,ckasting63@fema.gov,262-179-7928,32 West Road,Tlumacov,,763 62
Chet,Bayle,cbayle64@japanpost.jp,688-502-5109,882 Chive Avenue,Xiongji,,
Titos,Hartil,thartil65@prnewswire.com,869-497-9666,16 Corben Trail,Bahía Blanca,,8000
Calli,Lesly,clesly66@ow.ly,179-803-3035,6 Shoshone Street,Xinhua,,
Suzanne,Hallaways,shallaways67@amazon.de,269-658-8351,3426 Clemons Center,Xialiao,,
Emile,Ridgwell,eridgwell68@hubpages.com,820-112-6515,141 Bunting Junction,Xishiqiao,,
Jarid,Ponton,jponton69@goo.ne.jp,573-487-7743,87 Reinke Terrace,Krasnogorodskoye,,182370
Zara,Jacobowits,zjacobowits6a@telegraph.co.uk,565-419-8397,113 8th Center,El Colorado,,4618
Krista,Harberer,kharberer6b@discuz.net,848-529-8775,1562 Forster Court,Khasavyurt,,368044
Bennie,Bolf,bbolf6c@people.com.cn,610-757-0209,63 Londonderry Place,Ngrejo,,
Virgil,Stooders,vstooders6d@time.com,595-682-0531,2356 Logan Way,Niono,,
Pauletta,Phelit,pphelit6e@smugmug.com,469-949-2527,403 Sullivan Street,Cikadongdong,,
Mortie,Catt,mcatt6f@diigo.com,717-582-6762,48192 Lawn Way,Harrisburg,Pennsylvania,17121
Virgina,Giovani,vgiovani6g@home.pl,318-339-1168,0250 Pond Way,Whitchurch,England,BS14
Onfroi,Konzelmann,okonzelmann6h@blinklist.com,193-810-4742,569 Ludington Parkway,Huangsangkou,,
Audie,Seward,aseward6i@army.mil,272-673-6393,812 Londonderry Road,Taipingguan,,
Kermie,Josefer,kjosefer6j@bigcartel.com,224-705-7057,04 Carpenter Crossing,Wierzbica,,26-680
Phyllida,McElrea,pmcelrea6k@chronoengine.com,689-445-5891,284 Debra Park,Uthai,,13210
Viva,Croshaw,vcroshaw6l@fastcompany.com,373-460-6186,131 Loeprich Place,Jurish,,
Terri,Louca,tlouca6m@imdb.com,348-937-4567,97375 Granby Road,Soufričre,,
Laryssa,Leighfield,lleighfield6n@nationalgeographic.com,673-329-3444,3 Esker Road,Nanhe,,
Hildagarde,Briskey,hbriskey6o@delicious.com,826-190-2983,1 Lawn Terrace,Wuyahe,,
Suzanne,Snelgar,ssnelgar6p@japanpost.jp,991-613-7489,6366 Stang Circle,Ma?arrat an Nu?man,,
Denys,Ucchino,ducchino6q@cmu.edu,470-561-3741,2 Park Meadow Road,Sumurber,,
Curcio,Loxdale,cloxdale6r@mail.ru,752-934-3413,1 Macpherson Center,Loma Bonita,Jalisco,47450
Ivory,Hallifax,ihallifax6s@pinterest.com,521-379-4969,432 Almo Crossing,Cordeirópolis,,13490-000
Sonny,Keirle,skeirle6t@1688.com,701-241-6121,46955 Oakridge Point,Sadkowice,,96-206
Henrik,Brettoner,hbrettoner6u@cafepress.com,880-251-2464,707 Norway Maple Terrace,Ituiutaba,,38300-000
Xenos,Allitt,xallitt6v@mapquest.com,827-566-0983,475 Dawn Avenue,Lushuihe,,
Blanche,Vernay,bvernay6w@bloglines.com,297-664-3654,94 6th Place,Pathum Rat,,45190
Gerta,McNelly,gmcnelly6x@webnode.com,740-669-0801,07 Bonner Hill,Yangsan,,
Eloise,Croley,ecroley6y@purevolume.com,571-631-6075,8324 Shasta Place,Reston,Virginia,22096
Janaya,Mulrean,jmulrean6z@wikia.com,738-181-3256,018 Mallard Point,Ciseda,Virginia,
Hillary,Donoghue,hdonoghue70@wikispaces.com,420-698-1658,38 Northland Way,Shengping,Virginia,
Ody,Bottrell,obottrell71@bbc.co.uk,980-859-7478,791 Coolidge Lane,Los Patios,Virginia,541018
Quintana,Purchase,qpurchase72@webs.com,260-648-9528,52 Del Mar Center,Clervaux,Virginia,L-9765
Betteanne,Bellward,bbellward73@gov.uk,793-787-0257,0413 Dawn Court,Burum,Virginia,
Cecilia,Fatharly,cfatharly74@independent.co.uk,958-904-3795,0095 American Ash Pass,Nila Dua,Virginia,
Arlene,Standbridge,astandbridge75@tumblr.com,368-477-0349,8556 Granby Hill,Guanshan,Virginia,
Rania,Limpertz,rlimpertz76@netscape.com,398-160-8564,9222 Boyd Way,Paris 17,Virginia,75837 CEDEX 17
Gabrila,Borit,gborit77@dell.com,734-720-9154,640 Fisk Parkway,Klirou,Virginia,
Gordy,Bilston,gbilston78@forbes.com,327-317-0586,9317 Randy Road,Canela,Virginia,95680-000
Stanton,Bowdrey,sbowdrey79@unblog.fr,993-338-4854,50 Blackbird Road,Polonnaruwa,Virginia,51000
Sonnie,Nano,snano7a@cbslocal.com,659-261-1140,870 Holmberg Center,Kantharalak,Virginia,33110
Dill,Keford,dkeford7b@unicef.org,555-150-2726,81400 Red Cloud Plaza,Huangni,Virginia,
Derrik,Lucey,dlucey7c@1688.com,633-824-2645,618 Anhalt Circle,Sinegorskiy,Virginia,347014
Allister,Aitkenhead,aaitkenhead7d@is.gd,941-254-2688,2 Birchwood Place,Skhira,Virginia,
Alyce,Hannabuss,ahannabuss7e@surveymonkey.com,197-364-4129,83 Luster Terrace,Obo,Virginia,
Dun,Domanek,ddomanek7f@photobucket.com,237-164-5315,1 Lillian Crossing,Kanbula,Virginia,
Ros,Neaverson,rneaverson7g@163.com,589-970-0807,69 Reindahl Trail,Sunagawa,Virginia,997-0415
Florance,Lunny,flunny7h@indiegogo.com,571-753-9611,814 Dennis Junction,Shuangyang,Virginia,
Dena,Adolthine,dadolthine7i@paginegialle.it,611-362-0789,742 Moose Hill,Kathu,Virginia,
Meriel,Rash,mrash7j@google.cn,115-781-3415,47 Bultman Alley,Jinquan,Virginia,
Marlo,Goodanew,mgoodanew7k@shinystat.com,538-357-9574,0350 Pond Street,Marcala,Virginia,
Wallie,Starsmore,wstarsmore7l@who.int,245-481-3844,868 Farmco Drive,Lingyang,Virginia,
Rakel,Offell,roffell7m@marriott.com,335-216-4689,88 Dahle Point,Montenegro,Virginia,633008
Maurie,Simmen,msimmen7n@liveinternet.ru,171-213-6676,60 Sunfield Avenue,Xinyang,Virginia,
Bekki,Goymer,bgoymer7o@answers.com,912-541-8090,4305 Caliangt Place,Nema,Virginia,613470
Katheryn,Gauthorpp,kgauthorpp7p@economist.com,207-222-9391,02 Katie Point,Salvacion,Virginia,1114
Weidar,Ogan,wogan7q@netvibes.com,669-721-3229,903 Atwood Street,Sergelen,Virginia,
Rhoda,Trussell,rtrussell7r@cnn.com,226-395-8175,7008 Summer Ridge Point,Poroshkovo,Virginia,
Mercy,Slobom,mslobom7s@ca.gov,197-178-3791,15645 Steensland Center,Munsan,Virginia,
Barron,O'Dunneen,bodunneen7t@columbia.edu,679-681-2698,7802 Muir Place,Zouiat ech Cheďkh,Virginia,
Mitchel,Strachan,mstrachan7u@ihg.com,263-565-7130,3 Pankratz Center,Tanahedang,Virginia,
Cyndie,Egre,cegre7v@ning.com,513-418-0592,4 Vermont Pass,Berlin,Virginia,10823
Rhodie,Binnell,rbinnell7w@google.co.jp,296-699-3436,721 Barnett Avenue,Melrose,,
Neilla,Sirett,nsirett7x@archive.org,443-263-1063,691 Annamark Street,Sala,Västmanland,733 24
Shaine,Cranmor,scranmor7y@shop-pro.jp,203-698-6413,8122 Fallview Drive,Pandangan Kulon,,
Marianna,Streeting,mstreeting7z@wufoo.com,132-167-3406,8386 Bashford Court,Bů Đ?p,,
Linus,Portigall,lportigall80@abc.net.au,407-130-0843,9 American Ash Hill,Ni?,,
Giulio,Bryns,gbryns81@washington.edu,903-237-2938,3598 Ohio Court,Ludgerovice,,747 14
Dallon,Brunon,dbrunon82@mayoclinic.com,212-488-9694,7791 Truax Trail,Illela,,
Devin,Menghi,dmenghi83@indiegogo.com,141-201-3807,900 Forest Run Point,Kilju,,
Shawnee,Hammant,shammant84@google.ca,437-371-6825,9723 Stephen Drive,La?ko,,3270
Mattheus,Wonfor,mwonfor85@google.nl,314-401-6718,9172 Sutherland Trail,Al Khankah,,
Joyan,Stiebler,jstiebler86@globo.com,279-479-1060,78779 Petterle Court,Nogliki,,632498
Tilly,Wenban,twenban87@instagram.com,283-449-4317,06243 Hayes Hill,Tres Isletas,,4000
Nathan,Newdick,nnewdick88@mlb.com,386-268-6485,1 South Drive,Jablonka,,34-480
Taber,Pretty,tpretty89@timesonline.co.uk,568-657-9062,7 Pepper Wood Avenue,Yokotemachi,,866-0873
Aurore,Mitten,amitten8a@intel.com,767-983-6168,899 American Avenue,Santiago de Subrrifana,Porto,4560-776
Evangeline,Pitone,epitone8b@wunderground.com,525-706-3647,93051 Erie Lane,Baruunsuu,,
Rebecca,Blaase,rblaase8c@pbs.org,423-998-0862,721 Everett Parkway,San Lucas Tolimán,,07013
Ambrosius,Niset,aniset8d@jiathis.com,222-907-2315,154 Eastlawn Parkway,Yuty,,
Elset,Lune,elune8e@usa.gov,786-149-6260,28 Valley Edge Point,Jayyus,,
Abbe,Hasard,ahasard8f@si.edu,544-210-4917,7 Banding Way,Beidajie,,
Charin,Brettelle,cbrettelle8g@biblegateway.com,775-287-3205,75 Stephen Street,Tuba,,
Kameko,Lehrer,klehrer8h@sun.com,664-146-4409,3841 Warbler Junction,Fengyuan,,
Westbrooke,Richten,wrichten8i@nationalgeographic.com,627-732-7593,8873 Lerdahl Road,Weiyanggong,,
Thelma,Goodding,tgoodding8j@guardian.co.uk,490-170-6797,8 Corscot Avenue,Darya Boyi,,
Vance,Lawden,vlawden8k@dion.ne.jp,948-792-3390,26 Briar Crest Lane,Wudangshan,,
Dario,Mithan,dmithan8l@arizona.edu,844-262-7334,71 Graedel Hill,Bissau,,
Lockwood,Whittock,lwhittock8m@cbslocal.com,524-880-8561,5192 Sheridan Road,Vitim,,385444
Danna,Reynoldson,dreynoldson8n@shop-pro.jp,589-746-4671,56 Lunder Road,Panchagarh,,8530
Leroi,Passey,lpassey8o@amazonaws.com,264-831-7188,972 Hollow Ridge Point,Chakwal,,24421
Willow,Creelman,wcreelman8p@addtoany.com,590-114-6583,6658 Buell Way,Mananjary,,
Van,Plain,vplain8q@geocities.com,640-140-9124,2 Darwin Plaza,Al ?Alamayn,,
Ondrea,Collings,ocollings8r@java.com,389-787-7614,55444 Thackeray Place,Chă Grande,,55636-000
Christy,Blaxley,cblaxley8s@narod.ru,234-506-8903,21083 Charing Cross Pass,Quzi,,
Karel,Tabbernor,ktabbernor8t@china.com.cn,913-362-3457,3 Toban Circle,Yongjiahe,,
Gussie,Haquin,ghaquin8u@techcrunch.com,260-529-3332,96 Cascade Hill,Södertälje,Stockholm,151 88
Tab,Dagnall,tdagnall8v@feedburner.com,232-442-6135,069 Ridgeway Center,Xujiafang,,
Silvana,McAnalley,smcanalley8w@cloudflare.com,545-689-7531,4496 Scott Street,?abac,,
Parrnell,Brasier,pbrasier8x@guardian.co.uk,799-859-5851,86806 Sauthoff Way,Palikir - National Government Center,,
Suki,Highwood,shighwood8y@columbia.edu,857-300-6517,9294 Grayhawk Way,Zhoutian,,
Constancia,Ortner,cortner8z@purevolume.com,155-409-0609,4 Melvin Drive,Amuńgan,,4611
Salvador,Sangar,ssangar90@cloudflare.com,334-253-5265,46026 Buena Vista Street,El Zapote,Guanajuato,38800
Lionello,Kender,lkender91@netscape.com,462-596-3675,29 Shopko Place,Peseng,,
Kurtis,Wigsell,kwigsell92@census.gov,299-326-1414,0 Harper Parkway,Jingchuan Chengguanzhen,,
Marie,Yepiskopov,myepiskopov93@cafepress.com,763-824-3499,073 Coolidge Road,Masaraway,,3714
Rhonda,McIlvaney,rmcilvaney94@redcross.org,991-117-0017,5684 Anniversary Crossing,Bolboc,,1128
Lon,Boden,lboden95@weather.com,961-666-4883,0893 Dapin Point,Tari,,
Myrtice,Partkya,mpartkya96@pen.io,969-949-6256,4276 Shoshone Court,Michalów,,28-411
Gerry,Dyet,gdyet97@marriott.com,919-982-5121,25 Canary Trail,Çlirim,,
Etta,Roarty,eroarty98@trellian.com,180-193-0953,817 East Street,Shu,,
Taffy,Vanyashin,tvanyashin99@independent.co.uk,503-228-4083,81 Dryden Crossing,Voznesenskaya,,352537
Horst,Handyside,hhandyside9a@ebay.com,472-416-4355,708 New Castle Point,Marovoay,,
Bettine,Hassewell,bhassewell9b@japanpost.jp,828-211-3477,32 Westerfield Lane,Yinla,,
Adara,Yeatman,ayeatman9c@opensource.org,718-589-3230,8247 Drewry Street,Hispania,,056457
Audry,Cowperthwaite,acowperthwaite9d@blogspot.com,868-632-6019,84 Browning Center,Chiguayante,,
Shoshana,Nolton,snolton9e@sourceforge.net,992-280-8631,67572 Hansons Plaza,Taoyuan,,
Phillis,Everson,peverson9f@studiopress.com,734-559-0388,600 Messerschmidt Drive,El Realejo,,
Putnam,Garraway,pgarraway9g@fotki.com,249-789-7598,40868 Moland Court,Táriba,,
Veda,McAline,vmcaline9h@surveymonkey.com,251-273-3685,81 Westridge Street,Wilkowice,,43-365
Sibbie,Heliet,sheliet9i@sogou.com,784-783-7115,32359 Ryan Point,Kuivaniemi,,95100
Berny,Hessle,bhessle9j@skyrock.com,242-156-4054,00 Hanson Terrace,Zhulebino,,140074
Pepe,Folling,pfolling9k@addthis.com,572-832-0706,62 Lawn Hill,Watulimo,,
Laney,Dimond,ldimond9l@devhub.com,400-781-7471,3284 Leroy Alley,Azor,,
Cristobal,Abramchik,cabramchik9m@blinklist.com,685-979-3708,52502 Pawling Crossing,Jönköping,Jönköping,553 33
Zelig,Jovanovic,zjovanovic9n@list-manage.com,112-307-1537,3 Stuart Alley,Logan Lake,British Columbia,T3S
Alistair,Parkinson,aparkinson9o@amazon.de,989-626-4392,4889 Ohio Point,Hengli,,
Eddy,Loraine,eloraine9p@last.fm,300-282-8865,7 Carioca Alley,Gastoúni,,
Brett,Challenor,bchallenor9q@spotify.com,758-704-6532,20843 Clyde Gallagher Parkway,Sańo,,
Stephine,Wallace,swallace9r@alexa.com,689-693-6370,4173 Stone Corner Avenue,Mafinga,,
Niall,Vidgeon,nvidgeon9s@parallels.com,873-825-3893,504 Hanover Circle,Gomunice,,97-545
Mercedes,Bortolini,mbortolini9t@mashable.com,738-930-4109,1878 Sachtjen Park,Séléa,,
Tabbi,Courtese,tcourtese9u@oakley.com,735-818-1913,9962 Carey Point,Strasbourg,Alsace,67039 CEDEX 2
Corabella,Gellett,cgellett9v@nature.com,379-482-1755,301 Pleasure Crossing,Taobei,,
Aura,Beaudry,abeaudry9w@lulu.com,309-903-6833,61988 Anhalt Place,Al ?Alamayn,,
Hyman,Weatherhill,hweatherhill9x@marriott.com,304-178-2014,46 Harper Parkway,Ath,Wallonie,7823
Leodora,Knottley,lknottley9y@apple.com,464-160-1672,5 Union Way,Gaoqiao,,
Archy,Hullin,ahullin9z@networkadvertising.org,144-686-4478,834 Corben Way,Hualgayoc,,
Billye,Cammiemile,bcammiemilea0@list-manage.com,380-632-5106,8 Daystar Center,Dori,,
Norean,Swannick,nswannicka1@imgur.com,833-130-8821,9 Sage Drive,Luoshui,,
Axe,Olley,aolleya2@twitter.com,539-426-7496,92808 Jenna Place,Wang Saphung,,42130
Xylina,Dahle,xdahlea3@ucla.edu,762-174-4833,858 Glacier Hill Terrace,Wairinding,,
Maddie,Apthorpe,mapthorpea4@prlog.org,942-513-4191,96692 Springview Way,Mukdahan,,49160
Carlye,Howling,chowlinga5@smh.com.au,881-593-9109,8113 Southridge Crossing,Xin?an,,
Eran,Stanners,estannersa6@go.com,498-376-9816,840 Darwin Alley,Carnot,,
Fredric,Grimble,fgrimblea7@ow.ly,825-185-0869,5 Express Lane,Santo Aleixo,Portalegre,7450-227
Kathe,Sigge,ksiggea8@marketwatch.com,951-303-8275,7 Shelley Trail,Meijiang,,
Elke,McManus,emcmanusa9@hp.com,459-133-2988,4 Magdeline Street,Wuhao,,
Mirilla,Dove,mdoveaa@usatoday.com,784-509-6564,29 Johnson Way,Zhoutian,,
Joelle,Slopier,jslopierab@technorati.com,978-917-9493,8 Old Shore Terrace,Xambabazar,,
Brooks,Rigate,brigateac@rambler.ru,755-965-6667,0 Riverside Park,Margasari,,
Quent,Harle,qharlead@guardian.co.uk,754-261-3120,69919 Waxwing Avenue,Sobreda,Setúbal,2815-625
Kirbie,Matthesius,kmatthesiusae@mapquest.com,642-641-5314,56 Spaight Court,Sigiriya,,21120
Arnoldo,Renowden,arenowdenaf@omniture.com,442-329-9206,39477 Lunder Way,Jiamaying,,
Isabeau,Littley,ilittleyag@omniture.com,492-435-8234,03853 Eastwood Pass,Ostrowite,,87-522
Meara,Shadrach,mshadrachah@howstuffworks.com,932-975-4487,49 Claremont Center,Sijunjung,,
Valaree,Hearns,vhearnsai@ask.com,778-108-7036,20 Del Mar Avenue,Santo Domingo Oeste,,11205
Karna,Durnford,kdurnfordaj@washingtonpost.com,772-744-1275,700 Fairfield Alley,Tomari,,694820
Jakob,Charopen,jcharopenak@a8.net,681-107-8556,6259 Spohn Hill,Listvyanka,,665670
Antonetta,Oade,aoadeal@sphinn.com,946-728-9005,6 Knutson Hill,Chaloem Phra Kiat,,40250
Vitoria,Eldridge,veldridgeam@baidu.com,839-750-7002,74 Oak Valley Terrace,Weicheng,,
Georgia,Kitchingman,gkitchingmanan@blogspot.com,918-409-2163,48 Carey Place,Tulsa,Oklahoma,74103
Ramonda,Waliszewski,rwaliszewskiao@linkedin.com,265-468-6150,3 Grasskamp Trail,Wuquan,,
Thomasine,Thistleton,tthistletonap@51.la,500-208-5897,55 North Center,Mashan,,
Francisca,Bails,fbailsaq@nymag.com,686-209-5422,9 Nova Alley,Taixi,,
Phip,Matisoff,pmatisoffar@booking.com,897-229-4974,9 Harbort Way,Sindangrasa,,
Ulrike,Wreford,uwrefordas@ihg.com,457-172-1591,7 Mccormick Junction,Ismailia,,
Celie,Greenwell,cgreenwellat@tuttocitta.it,781-347-6178,210 Sutteridge Way,Sarpang,,
Constanta,Cresser,ccresserau@shop-pro.jp,371-680-2958,99 Messerschmidt Junction,Dabai,,
Yasmin,Mainwaring,ymainwaringav@google.cn,639-617-0535,29 Judy Crossing,Ivanishchi,,601521
Taffy,Nisbith,tnisbithaw@webnode.com,544-632-3909,5 Stoughton Lane,Nakhon Si Thammarat,,57210
Carmelina,Ferber,cferberax@dion.ne.jp,357-188-5255,98755 7th Avenue,Muarabadak,,
Caleb,Fellgate,cfellgateay@zimbio.com,545-115-4152,60 Anthes Drive,Jangheung,,
Bryana,Gregoretti,bgregorettiaz@networksolutions.com,119-898-1419,72 Waywood Plaza,Ozerki,,606243
Kata,Jordine,kjordineb0@cisco.com,523-111-7018,766 Crowley Point,Saijo,,793-0213
Sean,Griffithe,sgriffitheb1@vkontakte.ru,862-325-9716,323 Texas Way,Majiang,,
Yardley,Rupert,yrupertb2@google.ca,644-665-3768,15890 Pond Pass,Fendou,,
Sibylla,Southall,ssouthallb3@psu.edu,689-183-4698,13580 Nobel Pass,Cayenne,Guyane,97341 CEDEX
Lotta,Hitzke,lhitzkeb4@instagram.com,758-212-5467,18869 Waywood Street,Soacha,,250058
Duane,Olyunin,dolyuninb5@mail.ru,957-939-2802,31 Valley Edge Trail,Tingping,,
Kittie,Gervaise,kgervaiseb6@sogou.com,825-285-6388,3 Bay Street,Kréstena,,
Tresa,Deakins,tdeakinsb7@gnu.org,670-522-8436,4 Monument Pass,Dongxin,,
Albertine,Gansbuhler,agansbuhlerb8@umich.edu,866-499-6902,468 Bashford Trail,Fredericton,New Brunswick,E3G
Eldin,Prium,epriumb9@networkadvertising.org,809-229-9737,0109 Hanover Point,Stará Ves nad Ondrejnicí,,
Waverley,Trewhitt,wtrewhittba@ucla.edu,656-921-7808,24 Holy Cross Street,Zheleznovodsk,,357408
Lemmy,Ablott,lablottbb@simplemachines.org,716-261-2115,00 Hoard Street,Ijuí,,98700-000
Chelsey,Tyndall,ctyndallbc@squarespace.com,663-677-0752,4 Golf Course Pass,Gugut,,
Fredericka,Sherer,fshererbd@apache.org,908-957-7113,61514 Laurel Street,Xiaozhen,,
Mavra,Matteacci,mmatteaccibe@toplist.cz,187-434-9708,6690 Raven Court,Mytishchi,,141032
Fanni,Garroch,fgarrochbf@163.com,358-916-8001,741 John Wall Crossing,Luowan,,
Josh,Cliffe,jcliffebg@webs.com,109-320-7004,2968 Fairfield Center,Stepove,,
Rupert,Stovold,rstovoldbh@vinaora.com,747-859-7685,24 Charing Cross Crossing,Mosquera,,250047
Kala,Ackery,kackerybi@state.gov,862-712-8048,79 Larry Point,Ponte Nova,,35430-000
Ingra,Cotesford,icotesfordbj@sun.com,819-892-8016,195 Hagan Terrace,Niort,Poitou-Charentes,79021 CEDEX
Sonnnie,Beatens,sbeatensbk@zimbio.com,630-872-5116,1 Bay Place,Amu Gulang Baolige,,
Kerri,Kitchinghan,kkitchinghanbl@chronoengine.com,749-167-5876,5518 Linden Parkway,Yunguyo,,
Mei,Matthiesen,mmatthiesenbm@live.com,318-879-2104,02095 Westport Junction,Křbenhavn,Region Hovedstaden,1291
Norby,Howsego,nhowsegobn@fastcompany.com,123-495-0845,30 Park Meadow Plaza,Paris 14,Île-de-France,75675 CEDEX 14
Guillema,Kiljan,gkiljanbo@moonfruit.com,394-830-4616,31 Forest Run Center,Lyon,Rhône-Alpes,69239 CEDEX 02
Boycie,Lebbern,blebbernbp@arizona.edu,351-987-4091,93525 Chive Junction,Loures,Lisboa,2670-335
Kerwin,Moverley,kmoverleybq@pen.io,819-352-0115,4731 Banding Drive,Wiang Nuea,,39180
Jim,McCurdy,jmccurdybr@thetimes.co.uk,964-348-5567,797 Londonderry Street,Nobeoka,,882-0877
Graeme,Ratcliff,gratcliffbs@reference.com,990-369-1900,3865 Fairfield Parkway,Buket Teukuh,,
Ezechiel,Gookes,egookesbt@clickbank.net,735-912-5967,240 Moose Terrace,Tsaghkadzor,,
Bianka,O'Cleary,boclearybu@bluehost.com,505-665-5760,9 Manley Alley,Idtig,,1085
Joscelin,Henstridge,jhenstridgebv@deliciousdays.com,692-904-7910,99375 Sachtjen Court,Itacurubí del Rosario,,
Any,Putterill,aputterillbw@arstechnica.com,974-955-9567,9 Rutledge Road,Ayía Triás,,
Nap,Giacoppoli,ngiacoppolibx@dion.ne.jp,699-566-5221,13 Michigan Circle,Shimabara,,519-3203
Rriocard,Americi,ramericiby@imdb.com,601-286-2030,685 Amoth Pass,Bali,,
Maurine,Cahey,mcaheybz@usgs.gov,507-721-2301,1 Chive Hill,Sarab,,
Yance,Penn,ypennc0@merriam-webster.com,323-167-3768,72484 Sunbrook Junction,Zelmeni,,
Aryn,Minchin,aminchinc1@example.com,977-310-5955,581 Pankratz Way,Fujioka,,999-7638
Donall,Timbrell,dtimbrellc2@berkeley.edu,960-497-6476,0074 Lakeland Road,Korolev,,249087
Lyndsay,Blakeborough,lblakeboroughc3@imageshack.us,618-299-2612,7 Helena Parkway,Cordova,,6017
Jacquenette,Cumbers,jcumbersc4@comsenz.com,599-138-2667,6 Cascade Lane,East End,,
Crysta,Sparkes,csparkesc5@redcross.org,250-250-0180,84 Helena Alley,Montería,,
Thomasin,Manton,tmantonc6@networksolutions.com,971-237-4233,92 Corscot Junction,Grindavík,,240
Fawnia,Kordovani,fkordovanic7@spotify.com,330-582-7438,665 Atwood Circle,Vaiamonte,Portalegre,7450-265
Augustina,Chavez,achavezc8@google.com.hk,817-898-6906,740 Atwood Circle,Bajing,,
Athena,Ornillos,aornillosc9@alibaba.com,680-298-5594,825 Northridge Trail,Nieuw Nickerie,,
Quinn,Crispe,qcrispeca@thetimes.co.uk,459-370-7451,720 Browning Point,Bayonne,Aquitaine,64109 CEDEX
Bette,Wainman,bwainmancb@cbslocal.com,110-626-4364,40 Cottonwood Park,Teresópolis,,25950-000
Elsa,Clowes,eclowescc@soup.io,599-921-2290,74 Merrick Pass,Marseille,Provence-Alpes-Côte d'Azur,13232 CEDEX 01
Vi,Lovie,vloviecd@soundcloud.com,557-557-8858,42127 Pepper Wood Crossing,San Patricio,,
Collin,Dumphries,cdumphriesce@bloomberg.com,680-540-5855,6081 Cardinal Terrace,Rudo,,
Robert,Rammell,rrammellcf@businessweek.com,952-634-1980,06105 Browning Terrace,Shani,,
Agata,Follis,afolliscg@loc.gov,707-383-9695,559 Grayhawk Center,Mamonovo,,238450
Nappie,Braunston,nbraunstonch@ycombinator.com,145-377-5168,49634 Granby Way,Engel?s,,413146
Chicky,Else,celseci@bloglines.com,266-575-8082,654 American Ash Avenue,Bobon,,6401
Marielle,Danilov,mdanilovcj@forbes.com,293-906-8982,8 Lindbergh Junction,Zhaigang,,
Alfonse,Veryard,averyardck@i2i.jp,184-802-1133,07597 Eagan Lane,Zelmeni,,
Kristina,Grayne,kgraynecl@jugem.jp,713-162-3627,8268 6th Terrace,Teknaf,,4762
Sashenka,Cairney,scairneycm@businessinsider.com,732-351-8673,98 Charing Cross Lane,Hojo,,799-2441
Bond,Normanvill,bnormanvillcn@unc.edu,114-865-8733,874 Blue Bill Park Circle,Badar,,665212
Towny,Heaviside,theavisideco@timesonline.co.uk,133-902-4935,0 Namekagon Parkway,Suba,,2433
Morganica,Fretter,mfrettercp@bloglovin.com,993-222-7668,423 Buena Vista Drive,Xiyuan,,
Tara,Lapere,tlaperecq@usgs.gov,317-916-0965,53 Hoard Avenue,Seminole,Florida,34642
Coralyn,Coppens,ccoppenscr@twitter.com,393-744-2038,7 Forest Run Trail,Moville,,F26
Rozanne,Holbie,rholbiecs@sciencedirect.com,458-115-1649,653 Warner Court,Jinyuan,,
Marigold,Davidesco,mdavidescoct@bizjournals.com,690-623-1940,9755 Service Drive,Néo Psychikó,,
Elfie,Merrill,emerrillcu@github.io,802-377-6659,6772 Springview Street,Shankeng,,
Moll,Gogie,mgogiecv@state.gov,319-804-4663,5899 Cottonwood Drive,Skibbereen,,P81
Willie,Campes,wcampescw@umich.edu,770-834-0034,8 Canary Place,Telhado,Braga,4850-162
Clive,Stopps,cstoppscx@cam.ac.uk,223-675-7486,7796 Saint Paul Point,La Bélgica,,
Bendick,Sebastian,bsebastiancy@i2i.jp,906-707-0146,3 Kings Junction,Igbor,,
Trumann,Jancic,tjanciccz@mail.ru,695-550-3893,7 Clemons Center,Changxing,,
Jamil,Ratcliff,jratcliffd0@census.gov,347-593-9061,2 Chive Circle,El Arenal,Veracruz Llave,91664
Torey,Denyagin,tdenyagind1@bloomberg.com,927-549-1467,4 Jackson Road,Jialu,,
Calvin,Klaff,cklaffd2@w3.org,597-910-8716,98 Harper Place,Savé,,
Kessiah,Andreucci,kandreuccid3@diigo.com,768-277-4561,18 Little Fleur Place,Hengelo,Provincie Overijssel,7554
Lyman,Terzi,lterzid4@ehow.com,397-755-5002,25 Bluestem Court,Adam,,
Inglebert,Brunsen,ibrunsend5@telegraph.co.uk,713-406-8168,1813 Meadow Ridge Plaza,Rizal,,7104
Kamilah,Paolino,kpaolinod6@bizjournals.com,130-205-0555,39136 Elgar Avenue,Aginskoye,,663580
Huntington,Parrott,hparrottd7@soundcloud.com,973-271-1335,3626 Clyde Gallagher Place,Castelo de Vide,Portalegre,7320-105
Mella,Saye,msayed8@google.ru,538-449-7949,6285 Hanover Court,Grevená,,
Fee,Gorring,fgorringd9@spotify.com,935-638-1078,8 Granby Junction,Shangzhuang,,
Adorne,Caesmans,acaesmansda@instagram.com,496-806-8666,49 Lerdahl Court,Loma Alta,Tamaulipas,87605
Cherrita,Bacop,cbacopdb@addtoany.com,930-498-0072,715 Nova Terrace,Hendijan,,
Broddie,Gaitung,bgaitungdc@gov.uk,817-782-9437,59184 Moulton Plaza,La Tinguińa,,
Reena,Rigbye,rrigbyedd@usatoday.com,533-767-0287,2 Blaine Street,Wau,,
Danette,Piniur,dpiniurde@dailymotion.com,889-891-1113,592 Sloan Junction,Severnyy,,346763
Jourdain,Bianco,jbiancodf@ucsd.edu,870-253-8141,73 Linden Avenue,Pak Phli,,26130
Janek,Vannar,jvannardg@friendfeed.com,296-689-7248,1978 Darwin Plaza,Kalibo (poblacion),,8113
Nola,Kewzick,nkewzickdh@cafepress.com,699-302-2646,383 Old Shore Center,Elói Mendes,,37110-000
Gasper,Jimson,gjimsondi@huffingtonpost.com,792-138-7732,88 Chive Way,Rejowinangun,,
Vicki,Oakhill,voakhilldj@nature.com,741-206-0075,38761 Michigan Junction,Monte Branco,Évora,7005-838
Hallie,Ricciardelli,hricciardellidk@sciencedaily.com,508-223-7475,4052 Orin Park,Vilhelmina,Västerbotten,912 99
Sol,Muldowney,smuldowneydl@goo.gl,849-777-4865,6 Chive Parkway,Caicun,,
Marena,Keston,mkestondm@rediff.com,535-259-2787,12917 Dottie Parkway,Chanuman,,34260
Libbi,Franzonello,lfranzonellodn@woothemes.com,671-633-6703,7 Debs Circle,Nam Kliang,,33130
Catherina,Lemme,clemmedo@wikimedia.org,801-403-0656,69697 Randy Avenue,Ogden,Utah,84409
Kent,Hickisson,khickissondp@acquirethisname.com,661-708-7718,28109 Cottonwood Crossing,Lanchkhuti,,
Isadore,Luttger,iluttgerdq@youku.com,379-496-6314,51 Maywood Crossing,Piuí,,58823-000
Tiertza,Schwandner,tschwandnerdr@bloomberg.com,330-740-6631,46 Dorton Parkway,San Isidro,Nuevo Leon,64103
Robinia,Detloff,rdetloffds@exblog.jp,437-806-9897,532 Florence Road,North Vancouver,British Columbia,V7Y
Laetitia,Norgate,lnorgatedt@arstechnica.com,758-937-7444,3273 Nevada Road,Kitcharao,,8609
Olympie,Garr,ogarrdu@merriam-webster.com,860-667-9115,94 Anhalt Avenue,Nor Gyugh,,
Abrahan,Cottier,acottierdv@reference.com,721-340-4261,64469 David Center,Girey,,
Major,Elfe,melfedw@printfriendly.com,954-811-2574,6 Sachs Road,Kunri,,94101
Quintana,Wey,qweydx@ezinearticles.com,906-838-1666,3 Dahle Road,Taobei,,
Drucy,Rabson,drabsondy@google.cn,133-684-5173,42 Armistice Center,Maromme,Haute-Normandie,76152 CEDEX
Abbie,Darycott,adarycottdz@google.es,338-457-3938,6 Northland Pass,Beloostrov,,238323
Lurline,Richardet,lrichardete0@simplemachines.org,774-713-7186,87 Forster Way,San Nicolas,,4207
Farr,Myatt,fmyatte1@google.nl,840-652-2887,30780 Doe Crossing Hill,Qalandiya,,
Alvira,Shead,asheade2@google.com.au,547-504-4529,310 Bonner Center,Benoy,,
Lebbie,Clabburn,lclabburne3@linkedin.com,725-380-7068,0 Killdeer Parkway,Tam K?,,
Andriana,Dibbert,adibberte4@ca.gov,945-331-8292,83 Meadow Vale Trail,Leone,,96799
Marcelline,Boichat,mboichate5@kickstarter.com,876-806-5760,27738 Nancy Place,Yandev,,
Jennilee,Fitzer,jfitzere6@cyberchimps.com,847-354-4636,62 Harbort Court,Nampicuan,,3116
Auroora,Filby,afilbye7@1und1.de,992-357-4448,398 Anniversary Park,Yunlong,,
Carver,Tanguy,ctanguye8@seesaa.net,455-935-2872,8742 Summit Plaza,Kaiapoi,,7644
Sigismund,Doolan,sdoolane9@example.com,153-385-7266,847 Spenser Junction,Cayang,,6012
Kevan,Frankcombe,kfrankcombeea@sun.com,107-569-5780,2738 Kingsford Circle,Arthur?s Town,,
Mort,Norsister,mnorsistereb@netvibes.com,369-441-3855,4331 Lukken Road,Polanczyk,,38-610
Antonius,Crass,acrassec@yolasite.com,870-962-7790,635 Lindbergh Hill,Uberlândia,,38400-000
Amie,Whittenbury,awhittenburyed@g.co,987-771-3642,776 Talisman Place,Pulong Gubat,,7209
Ray,Stading,rstadingee@trellian.com,936-112-4972,63 Helena Alley,Cran-Gevrier,Rhône-Alpes,74964 CEDEX
Sileas,Sleicht,ssleichtef@1und1.de,824-254-8937,389 Westend Park,Chocos,,
Vito,Semour,vsemoureg@technorati.com,729-518-3479,16980 Pepper Wood Trail,Viale,,3109
Dane,Cordova,dcordovaeh@guardian.co.uk,107-873-5465,0 Park Meadow Road,Ganxi,,
Richmond,De'Ath,rdeathei@amazonaws.com,560-527-8288,11846 Paget Avenue,Houmen,,
Max,Cadigan,mcadiganej@fema.gov,562-206-9709,6 Parkside Drive,Villa Carlos Paz,,5152
Dehlia,Devita,ddevitaek@java.com,447-725-0767,20 Buhler Trail,Wola Rebkowska,,08-410
Humfried,Tort,htortel@patch.com,939-358-7893,55034 Knutson Way,Al Marj,,
Kore,Hassan,khassanem@tripod.com,891-893-5100,00 Leroy Plaza,Albardón,,5419
Giorgio,Bennike,gbennikeen@cnn.com,857-927-5518,62 Sugar Alley,Renhe,,
Ambrosius,Leborgne,aleborgneeo@sohu.com,750-651-7066,9 Menomonie Pass,Dahewan,,
Revkah,Gillbee,rgillbeeep@state.tx.us,760-906-9298,43095 Milwaukee Alley,Mayakovski,,
Yehudi,Lyard,ylyardeq@php.net,895-975-2613,287 Montana Crossing,Hengduo,,
Graig,Bowers,gbowerser@ftc.gov,580-209-1816,877 Straubel Terrace,Mengxingzhuang,,
Marylynne,Avrahm,mavrahmes@gizmodo.com,536-510-7834,3 Judy Circle,Dok Kham Tai,,56120
Nicolette,Mobley,nmobleyet@examiner.com,666-627-6622,68 Towne Court,Zengji,,
Maxy,Niccols,mniccolseu@artisteer.com,183-544-1485,99 Arkansas Pass,Xiashe,,
Jonathon,Feben,jfebenev@ca.gov,661-976-0624,7 Burning Wood Trail,Helong,,
Cally,Sillitoe,csillitoeew@twitter.com,548-166-7027,813 Mcguire Street,Ceadîr-Lunga,,MD-6114
Garnet,Trethowan,gtrethowanex@spotify.com,187-296-4130,68 Browning Crossing,Costeira do Pirajubae,,88000-000
Rosmunda,Sudron,rsudroney@nps.gov,211-162-5196,8725 6th Junction,Jayawangi,,
Willie,Chimes,wchimesez@barnesandnoble.com,305-252-7361,22730 Melvin Crossing,Bol?shoye Skuratovo,,243366
Aprilette,Brasener,abrasenerf0@google.ru,622-700-0896,2 Straubel Alley,Novais,Viseu,3660-410
Gates,Bickerstaff,gbickerstafff1@goodreads.com,577-266-1536,10 Transport Avenue,Helsingborg,Skĺne,254 36
Christin,Suston,csustonf2@wix.com,188-358-2405,42054 Warner Pass,Rättvik,Dalarna,795 92
Jillene,Croad,jcroadf3@prweb.com,451-421-6255,1824 Schmedeman Hill,Urazovo,,309975
Marianne,Alsopp,malsoppf4@miibeian.gov.cn,334-792-2184,2 Clyde Gallagher Hill,Garibaldi,,95720-000
Juliette,Abrashkov,jabrashkovf5@twitpic.com,839-350-2955,45145 Columbus Court,Wiri,,2241
Taddeusz,Addionisio,taddionisiof6@examiner.com,176-786-5259,3 Pond Trail,Atawutung,,
Miguelita,Sambells,msambellsf7@mail.ru,131-237-7834,6649 Linden Park,Boronów,,42-283
Bank,Klehyn,bklehynf8@hugedomains.com,293-273-1864,1341 Jana Court,Mexico,,2021
Mikkel,Choldcroft,mcholdcroftf9@ow.ly,879-401-7294,8239 Main Street,Chengfeng,,
Morena,Brettoner,mbrettonerfa@wp.com,815-869-7286,4 Southridge Pass,Makin Village,,
Amerigo,Eddow,aeddowfb@cbc.ca,462-478-3901,10 Canary Lane,Gaspra,,
Augustine,Skittrell,askittrellfc@hao123.com,317-407-9773,8 Maple Park,Jacinto Arauz,,8208
Shane,Gulberg,sgulbergfd@ucla.edu,266-349-0357,818 Eastlawn Way,Fartura,,18870-000
Israel,McAviy,imcaviyfe@gravatar.com,487-975-6028,0 Buena Vista Street,Ouro Preto do Oeste,,78950-000
Early,Eydel,eeydelff@shareasale.com,666-987-1768,33983 Spaight Point,Souto,Braga,4750-419
Ric,Jachimiak,rjachimiakfg@usda.gov,821-635-9761,35 Nelson Lane,Kungsbacka,Halland,434 23
Adah,Andreone,aandreonefh@cyberchimps.com,258-335-0513,3069 Anthes Alley,Huayllabamba,,
Jillane,Brende,jbrendefi@gmpg.org,756-982-9676,58 School Trail,Muaraenim,,
Carlee,Krysiak,ckrysiakfj@cbslocal.com,392-156-8416,438 Barby Terrace,Espinillo,,3460
Fianna,Betteriss,fbetterissfk@comcast.net,997-637-8398,51 Mandrake Drive,Tours,Centre,37044 CEDEX 9
Rabbi,Beecraft,rbeecraftfl@multiply.com,700-813-5784,099 Harper Point,Oliveira do Conde,Viseu,3430-345
Electra,Renols,erenolsfm@stumbleupon.com,413-733-2718,419 Graceland Plaza,Lomintsevskiy,,301573
Clara,de Pinna,cdepinnafn@weibo.com,250-493-4491,3224 Dahle Center,Bandeirantes,,86360-000
Heda,Stollhofer,hstollhoferfo@imdb.com,783-118-7329,7746 Stoughton Crossing,Shuangyang,,
Gonzales,Janak,gjanakfp@printfriendly.com,711-762-9314,50 Quincy Street,Hushaat,,
Natalee,Drewell,ndrewellfq@meetup.com,543-389-9462,76 Dwight Point,Ban Bueng,,43210
Denni,Roubeix,droubeixfr@artisteer.com,503-737-4699,31 Myrtle Circle,Berlin,Berlin,12437
Erda,Kingsworth,ekingsworthfs@dedecms.com,952-245-7295,40 Village Point,Taiping,Perak,34010
Byrann,Sharvell,bsharvellft@plala.or.jp,830-882-9199,19130 Raven Point,Midland,Ontario,L4R
Catlin,Maypother,cmaypotherfu@indiegogo.com,928-816-9457,27 New Castle Park,Simpang,,
Quent,Leggett,qleggettfv@msu.edu,794-424-2266,3998 Cordelia Junction,Victoria,,VCT
Antonin,Wiggett,awiggettfw@arstechnica.com,291-985-0998,05887 Spohn Pass,Hengliang,,
Lizzie,Dunford,ldunfordfx@linkedin.com,641-265-8655,39456 Autumn Leaf Lane,Donji Vakuf,,
Nikoletta,Oglethorpe,noglethorpefy@pcworld.com,801-922-4774,001 Hudson Circle,Sukoanyar,,
Parker,Bunning,pbunningfz@engadget.com,212-788-9520,971 Sheridan Hill,New York City,New York,10125
Adrea,Hindenberger,ahindenbergerg0@google.cn,197-746-6195,59 Grim Circle,Vantaa,,01770
Lise,Benedick,lbenedickg1@cpanel.net,516-738-0942,11 Buell Lane,Kolaka,,
Ange,Kroin,akroing2@princeton.edu,923-717-1081,6 Fairview Hill,Dagda,,
Shandra,Binnes,sbinnesg3@naver.com,125-308-1264,3778 Tomscot Terrace,Saint-Quentin-en-Yvelines,Île-de-France,78897 CEDEX
Abbe,Gresly,agreslyg4@ehow.com,449-334-1142,4918 Badeau Junction,Sutysky,,
Rosina,Somerton,rsomertong5@patch.com,612-811-0506,8778 Warbler Pass,Cisoka,,
Rutger,Treacher,rtreacherg6@meetup.com,938-473-4024,1 3rd Pass,Beaumont,,D17
Jenifer,Farnall,jfarnallg7@berkeley.edu,536-442-3002,7584 Mendota Circle,Kolyubakino,,143144
Maureen,Verissimo,mverissimog8@hugedomains.com,630-899-6907,9 Fuller Court,Ilama,,
Valina,Bullant,vbullantg9@nih.gov,529-533-5355,84 Packers Hill,Phon Phisai,,43120
Monte,Silkston,msilkstonga@harvard.edu,179-654-7006,3 Sunfield Lane,Arranhó,Lisboa,2630-015
Monro,Olek,molekgb@about.com,174-730-1657,0190 Hollow Ridge Street,Mont-Tremblant,Québec,J8E
Romona,Bevan,rbevangc@smh.com.au,145-866-4104,801 Main Terrace,Xiaoguwei,,
Tory,Kolodziejski,tkolodziejskigd@bbb.org,544-851-6157,2 Maywood Road,Paris 07,Île-de-France,75345 CEDEX 07
Hansiain,Drake,hdrakege@cornell.edu,391-491-4708,35 Rowland Park,Novokubansk,,352244
Norah,Whysall,nwhysallgf@furl.net,586-212-8167,6947 Utah Plaza,Kalahang,,
Gerry,Willoughby,gwilloughbygg@t-online.de,507-260-3828,401 Dwight Lane,Villa La Angostura,,8407
Cad,Fountaine,cfountainegh@sohu.com,871-143-0559,362 Sunfield Place,Săo José do Egito,,56700-000
Lind,Skupinski,lskupinskigi@deviantart.com,312-965-3803,74 Eggendart Crossing,Shiqiao,,
Enrica,Kabsch,ekabschgj@php.net,593-376-3984,38616 Forest Court,Ialoveni,,MD-6801
Sollie,Carlet,scarletgk@miibeian.gov.cn,471-495-2670,8 Vidon Drive,Kanshan,,
Felicdad,Kilius,fkiliusgl@tinypic.com,240-422-8069,49 Mosinee Plaza,Phu Khiao,,36110
Cybill,Nowaczyk,cnowaczykgm@domainmarket.com,219-905-4319,59 Artisan Hill,Maodao,,
Grayce,Gerold,ggeroldgn@scientificamerican.com,647-703-2785,32795 Maywood Road,Dobryatino,,601580
Irwin,Chipchase,ichipchasego@archive.org,727-116-6155,3 Independence Drive,Pasirbatang,,
Georgina,Gynne,ggynnegp@lycos.com,575-363-0907,40 Petterle Trail,Krzemienica,,37-127
Penelope,Allden,palldengq@google.pl,725-748-1627,36458 Washington Lane,Nankeng,,
Erek,McDonough,emcdonoughgr@liveinternet.ru,941-957-7489,78 Dovetail Drive,Castanheira,Porto,4615-310
Catharina,Purveys,cpurveysgs@tiny.cc,469-336-4310,74503 Arizona Junction,Bershet?,,614551
Lynelle,Wilflinger,lwilflingergt@kickstarter.com,444-353-0980,99343 Waubesa Plaza,Bogi,,
Margie,Brophy,mbrophygu@topsy.com,562-595-4955,9 Montana Trail,Fujikawaguchiko,,401-0335
Astrid,Andrzej,aandrzejgv@geocities.jp,253-318-7394,1 6th Circle,Alpedrinha,Castelo Branco,6230-060
Simon,Malamore,smalamoregw@imageshack.us,802-658-5018,6218 Atwood Terrace,Vostryakovo,,141662
Ludwig,Cawthery,lcawtherygx@ezinearticles.com,926-604-8320,75038 Garrison Hill,Bultfontein,,9670
Jessica,Simkin,jsimkingy@live.com,896-113-1301,8 Myrtle Trail,San Antonio,Guerrero,39260
Svend,Oaten,soatengz@ask.com,501-225-5057,7 Hooker Circle,Wonosobo,,
Hetty,Chaloner,hchalonerh0@about.com,439-191-0916,596 Brickson Park Alley,Jinli,,
Magda,Tabart,mtabarth1@gmpg.org,186-741-7901,601 Ramsey Center,Paris 15,Île-de-France,75902 CEDEX 15
Elinore,Gavagan,egavaganh2@samsung.com,650-455-5596,260 Kings Circle,Sunnyvale,California,94089
Nariko,Hendrichs,nhendrichsh3@prlog.org,527-317-6751,297 La Follette Junction,Salam Khel,,
Louisette,Algeo,lalgeoh4@t-online.de,549-295-9997,6 Cambridge Parkway,Paris 19,Île-de-France,75934 CEDEX 19
Anna-maria,Signori,asignorih5@theatlantic.com,806-321-0387,06 Mccormick Place,Zhouhu,,
Garrott,Parker,gparkerh6@princeton.edu,452-103-0200,76468 Eggendart Lane,Yoro,,
Anselma,Sweating,asweatingh7@yahoo.com,502-619-8658,7 Burning Wood Hill,Sindangjati,,
Leonardo,Ahren,lahrenh8@gov.uk,228-575-9460,5 Kim Point,Sanguansi,,
Adriana,Northing,anorthingh9@technorati.com,760-666-3510,30 Karstens Parkway,Carlsbad,California,92013
Freeman,Ghelarducci,fghelarducciha@state.gov,631-832-6581,0 Luster Way,Dhi as Sufal,,
Starlene,Karpfen,skarpfenhb@creativecommons.org,522-356-3535,52 Park Meadow Plaza,Glagahdowo,,
Kyrstin,Antognazzi,kantognazzihc@ebay.co.uk,918-435-6523,57 Forster Road,Ustupo,,
Matthew,Rhule,mrhulehd@booking.com,480-625-0466,0517 Loomis Road,Évreux,Haute-Normandie,27009 CEDEX
Lammond,Lyttle,llyttlehe@chron.com,225-726-2287,14 Birchwood Place,Rantaupanjangkiri,,
Millicent,Cheine,mcheinehf@usnews.com,683-248-5046,2834 Bay Alley,Morcolla,,
Kellby,Forcer,kforcerhg@facebook.com,741-542-1682,74 Weeping Birch Avenue,Malasin,,3707
Dallis,Wolverson,dwolversonhh@blogger.com,539-707-6330,4547 Del Mar Avenue,Guojiaba,,
Ursola,Caret,ucarethi@cdc.gov,206-581-8892,487 Jenna Lane,Seattle,Washington,98109
Fremont,Braiden,fbraidenhj@reddit.com,715-106-3307,84 Lawn Trail,Bayeux,,58305-000
Karil,Maceur,kmaceurhk@flickr.com,681-228-3718,809 Killdeer Center,Varnávas,,
Dorena,Peartree,dpeartreehl@state.gov,688-990-9583,55 Garrison Parkway,Queniquea,,
Blythe,Popescu,bpopescuhm@gnu.org,145-158-3042,39 Boyd Alley,Oliveira de Frades,Viseu,3680-077
Cleon,Duckitt,cduckitthn@opera.com,699-232-2029,413 Monument Center,Mili,,96970
Henka,Dewey,hdeweyho@wp.com,117-799-2213,395 South Circle,Umm Kaddadah,,
Garrard,Wasson,gwassonhp@odnoklassniki.ru,640-742-9428,23688 Glacier Hill Street,Vári,,
Jaye,Harby,jharbyhq@newsvine.com,874-250-7121,25 Sage Pass,Acobamba,,
Starr,Jado,sjadohr@berkeley.edu,161-897-5380,2720 Scofield Drive,Birr,,R42
Vic,Huskisson,vhuskissonhs@ebay.co.uk,515-109-3721,1250 Cordelia Way,Tralee,,V92
Trudey,Doggart,tdoggartht@jimdo.com,570-390-2502,4 Eastlawn Alley,Delod Pangkung,,
Birk,Enser,benserhu@blogtalkradio.com,372-793-4920,8357 Oak Valley Center,Ngulahan,,
Storm,Laker,slakerhv@intel.com,420-934-1404,6310 Crest Line Crossing,Curry,,5702
Kimmi,Demongeot,kdemongeothw@psu.edu,480-333-1915,44 Artisan Lane,Poja,,
Felike,Cairns,fcairnshx@toplist.cz,852-776-3668,676 Killdeer Center,Bessonovka,,347502
Cully,Fintoph,cfintophhy@tripadvisor.com,288-470-5984,12501 6th Lane,Zolochiv,,
Chelsy,Brockhurst,cbrockhursthz@123-reg.co.uk,889-403-4932,600 West Hill,Cibunut,,
Lane,Hobell,lhobelli0@apache.org,693-925-2467,839 Del Sol Alley,Alcainça,Lisboa,2640-705
Hi,Huntingford,hhuntingfordi1@intel.com,363-818-6752,0 Ridgeview Trail,Jiaotang,,
Stearn,Manley,smanleyi2@blogger.com,166-200-7134,6628 Dunning Point,Valence,Rhône-Alpes,26953 CEDEX 9
Packston,Eller,pelleri3@tmall.com,291-669-5556,0 Pond Avenue,Miandrarivo,,
Moore,Roseveare,mrosevearei4@netvibes.com,572-557-2770,4051 Grayhawk Pass,Dananshan,,
Roda,Bolsover,rbolsoveri5@blogtalkradio.com,587-833-1452,3516 Algoma Junction,Konispol,,
Rufus,Kealey,rkealeyi6@webeden.co.uk,572-753-3385,43297 Hazelcrest Court,Atyrá,,
Caye,Barrs,cbarrsi7@sourceforge.net,998-573-9453,74999 Hoepker Point,Shalya,,623030
Greg,Dahlen,gdahleni8@deviantart.com,850-503-6311,02 Dunning Avenue,Zhouzai,,
Demetris,Miell,dmielli9@ibm.com,651-778-5729,29981 Meadow Ridge Park,Noyakert,,
Goddard,Michael,gmichaelia@microsoft.com,709-297-0273,0631 Kipling Way,Biltine,,
Anastasia,Scaplehorn,ascaplehornib@google.fr,525-549-0101,2 Rutledge Way,Neuilly-sur-Seine,Île-de-France,92527 CEDEX
Lizzie,Dixey,ldixeyic@macromedia.com,262-777-0677,37 Dixon Terrace,Boden,Norrbotten,961 36
Michell,Eldred,meldredid@shareasale.com,700-306-8349,4258 Lillian Court,Besançon,Franche-Comté,25014 CEDEX
Bealle,Pfeuffer,bpfeufferie@ezinearticles.com,108-221-9315,79206 Daystar Center,Yuanhou,,
Tripp,Reed,treedif@cyberchimps.com,339-174-4771,83 Longview Hill,Antas,Viseu,3630-014
Abbie,Gathercoal,agathercoalig@unicef.org,202-785-9208,470 Di Loreto Way,Limba?i,,
Chaunce,Smieton,csmietonih@tumblr.com,468-185-6070,01 Stone Corner Trail,Kawambwa,,
Serge,Ianetti,sianettiii@wisc.edu,240-800-5604,66 Linden Center,Shuiyuan,,
Fey,Halsworth,fhalsworthij@loc.gov,344-606-9505,7911 Shelley Hill,Cuevas,,8505
Wiatt,Adriani,wadrianiik@webnode.com,265-539-9774,01742 Lakewood Gardens Avenue,Puyang,,
Carlotta,Ca,ccail@stumbleupon.com,697-798-6325,13837 Trailsway Crossing,Petaling Jaya,Selangor,46964
Barn,Pettie,bpettieim@psu.edu,736-848-3169,80 Mandrake Avenue,Lela,,
Vinny,Quidenham,vquidenhamin@twitter.com,218-179-1106,428 Grayhawk Lane,Verkhniy Landekh,,155210
Mireille,Jackalin,mjackalinio@shutterfly.com,215-384-6425,856 Green Street,Songzhuang,,
Shannon,Cowerd,scowerdip@dell.com,122-715-9929,35804 Huxley Junction,Leran Wetan,,
Riccardo,Cardiff,rcardiffiq@quantcast.com,454-992-0765,04 Mcguire Junction,Gornyak,,658424
Porty,Tsar,ptsarir@alibaba.com,727-710-8253,3 Holmberg Road,Stockholm,Stockholm,117 68
Clay,Hailwood,chailwoodis@admin.ch,184-121-9019,40 Waywood Park,San Diego,,4032
Philipa,Moran,pmoranit@unesco.org,742-784-8881,31 Nancy Pass,Fuzhai,,
Ly,Manning,lmanningiu@aol.com,273-525-0569,26 Badeau Point,Keetmanshoop,,
Marshall,Elves,melvesiv@hugedomains.com,572-438-4632,63 Doe Crossing Crossing,Al Jib,,
Roxane,Sprules,rsprulesiw@ibm.com,237-633-0762,3 Harbort Trail,Nagiba,,5501
Ernesto,Gyford,egyfordix@comcast.net,192-643-3833,00 Golf View Parkway,Usagara,,
Roma,Pendred,rpendrediy@infoseek.co.jp,383-179-7842,98341 Pond Hill,Formiga,,35570-000
Trista,Aronsohn,taronsohniz@bigcartel.com,801-445-3727,33 Fair Oaks Hill,Stockholm,Stockholm,118 92
Laird,Adams,ladamsj0@smugmug.com,797-507-8533,9616 Lerdahl Parkway,Ciyu,,
Shanta,MacGall,smacgallj1@wp.com,254-916-8520,701 Glendale Circle,Povorino,,397355
Elladine,Durrad,edurradj2@tuttocitta.it,459-174-5865,13 Arkansas Drive,Bazzaryah,,
Cordy,Ludovico,cludovicoj3@icio.us,292-144-3267,866 Melrose Lane,Poconé,,78175-000
Dugald,Martensen,dmartensenj4@ft.com,672-850-8713,08 Clemons Center,Huochang,,
Olin,Wonham,owonhamj5@g.co,821-932-2808,074 Heffernan Park,Tambac,,8707
Leontyne,Teaze,lteazej6@hubpages.com,379-960-1837,51 Carioca Way,Guadalupe Victoria,Chiapas,30414
Mickie,Winterbourne,mwinterbournej7@amazon.com,883-288-3803,75709 Weeping Birch Pass,Salon-de-Provence,Provence-Alpes-Côte d'Azur,13662 CEDEX
Ibrahim,Biagini,ibiaginij8@unesco.org,689-702-2506,41 Anderson Terrace,Garhi Yasin,,
Say,Foot,sfootj9@baidu.com,263-438-7093,034 Ridgeway Court,Tara?,,
Corbet,Erbe,cerbeja@tamu.edu,620-358-3992,54 Vernon Pass,Choros,,
Sabine,Sprulls,ssprullsjb@patch.com,947-837-1348,0 Tony Pass,Hejia,,
Patrice,Lared,plaredjc@princeton.edu,351-764-2895,30010 Veith Junction,Oslo,Oslo,0654
Evin,Kitcher,ekitcherjd@instagram.com,799-444-1992,891 Bonner Lane,Praia Grande,,11700-000
Garv,Spacey,gspaceyje@artisteer.com,475-567-1087,1854 North Park,Guajará Mirim,,14765-000
Kacie,Querree,kquerreejf@unc.edu,214-669-9705,61 Hooker Pass,Bangbayang,,
Lissi,Davidovitch,ldavidovitchjg@bloglines.com,232-998-8646,2238 Farragut Junction,Las Palmas,Oaxaca,71984
Alfy,Triggs,atriggsjh@t.co,196-891-0075,31954 Prentice Parkway,Kempele,,90451
Patty,Demke,pdemkeji@rambler.ru,789-673-5382,46359 Pond Trail,Norrahammar,Jönköping,562 24
Demetria,Vedenyakin,dvedenyakinjj@mashable.com,737-515-0879,268 Logan Hill,Manzanares,,173028
Thomasa,Bernadzki,tbernadzkijk@ox.ac.uk,542-147-1010,10396 Maple Point,Jovellanos,,
Wat,Braidley,wbraidleyjl@cornell.edu,481-237-3119,49 Merry Street,Cordeirópolis,,13490-000
Marcella,Ilyinski,milyinskijm@nps.gov,458-895-1495,69445 Milwaukee Drive,Pepowo,,63-830
Niles,Hamlen,nhamlenjn@ihg.com,668-343-8710,968 Talmadge Terrace,Impalutao,,8702
Torey,Hardwich,thardwichjo@soup.io,529-593-3508,3225 Dayton Terrace,Magaozhuang,,
Elihu,Shawell,eshawelljp@vimeo.com,410-141-6245,73250 2nd Pass,Gaomi,,
Sherman,McClary,smcclaryjq@bbc.co.uk,473-637-4295,08 Manitowish Drive,Glyadyanskoye,,641400
Shellie,Thorold,sthoroldjr@biglobe.ne.jp,698-166-9740,0 Hazelcrest Avenue,Gjoa Haven,Nunavut,J7R
Alan,Josse,ajossejs@dagondesign.com,664-126-7309,08068 Banding Trail,Santo Antônio do Amparo,,37262-000
Yurik,Dorwood,ydorwoodjt@apache.org,358-697-0971,822 Holy Cross Lane,Mushu,,
Bradly,Kubiak,bkubiakju@bravesites.com,542-577-8022,157 Moland Road,Andarapa,,
Riannon,Crosoer,rcrosoerjv@slashdot.org,886-136-4554,65 Anzinger Parkway,Erdaohe,,
Cleon,Flanagan,cflanaganjw@mayoclinic.com,824-485-8298,60 Delaware Road,Brzyska,,38-212
Jo,Sturgis,jsturgisjx@thetimes.co.uk,637-827-7659,941 Armistice Park,Guernica,,1862
Marlena,Critchlow,mcritchlowjy@flickr.com,432-762-1299,9190 Farmco Plaza,Odessa,Texas,79764
Keefe,Walburn,kwalburnjz@bizjournals.com,896-501-2097,53 Bobwhite Hill,Nowa Sarzyna,,37-310
Collie,Wilshin,cwilshink0@chron.com,817-778-0523,8 Dapin Crossing,Tambakan,,
Illa,De Anesy,ideanesyk1@vk.com,828-863-3384,25 Loftsgordon Road,Hengshui,,
Baldwin,Gwyneth,bgwynethk2@google.co.uk,328-190-6931,47361 Lillian Park,Stockholm,Stockholm,116 45
Stephannie,Van Ross,svanrossk3@a8.net,511-465-7130,96218 Bellgrove Junction,Nova Russas,,62200-000
Tate,Eisikowitch,teisikowitchk4@time.com,179-969-9868,795 Briar Crest Way,Lete,,
Arri,Artist,aartistk5@mail.ru,770-905-2929,85562 Mifflin Court,Banjar Bongangede,,
Inness,Etridge,ietridgek6@epa.gov,785-665-1580,4854 Ronald Regan Street,Nobinobi,,
Salim,Pithcock,spithcockk7@un.org,811-925-1041,4 Shoshone Court,Saint-Priest-en-Jarez,Rhône-Alpes,42275 CEDEX
Eugene,De Lascy,edelascyk8@dmoz.org,575-179-8353,69 Larry Alley,Mount Pearl,Newfoundland and Labrador,A1N
Sarene,Janton,sjantonk9@jimdo.com,267-165-6892,188 Canary Alley,Tibro,Västra Götaland,543 35
Odella,Cosgrave,ocosgraveka@opensource.org,564-870-1654,34121 Almo Pass,Padilla,,
Granny,Van Bruggen,gvanbruggenkb@marriott.com,619-464-5433,835 Straubel Place,Peńal,,
Bobbie,Janko,bjankokc@ustream.tv,156-526-9727,992 Schlimgen Center,Härnösand,Västernorrland,871 60
William,Walklot,wwalklotkd@so-net.ne.jp,503-357-8516,32 8th Hill,Lucas,,95000-000
Kaitlyn,Rosle,krosleke@addtoany.com,854-209-4018,722 Mccormick Road,Anjozorobe,,
Bud,Doram,bdoramkf@twitter.com,660-689-8591,9 Redwing Junction,Hrib-Lo?ki Potok,,2390
Wallache,Magarrell,wmagarrellkg@shop-pro.jp,850-459-1624,01044 Maywood Crossing,Thul,,79100
Lyle,Benadette,lbenadettekh@posterous.com,782-893-0485,65 Dixon Place,Noeltoko,,
Melisa,McWaters,mmcwaterski@dyndns.org,745-372-8475,543 Summit Terrace,Arinos,,38680-000
Fedora,Ferreras,fferreraskj@europa.eu,913-368-6266,32 Hintze Terrace,Aduo,,
Artie,Ponde,apondekk@adobe.com,250-588-1076,51567 Bobwhite Street,Norrköping,Östergötland,602 14
Cody,Reuben,creubenkl@spotify.com,753-164-9525,0609 Amoth Trail,Leonárisso,,
Jesus,Leale,jlealekm@prweb.com,722-954-4840,67721 Bunker Hill Pass,Kore,,
Halli,Argrave,hargravekn@privacy.gov.au,844-956-5635,0 Pond Pass,Sunchales,,2322
Frannie,Garber,fgarberko@wisc.edu,416-780-3644,65 Clemons Point,Meiyuan Xincun,,
Earlie,Sobieski,esobieskikp@furl.net,540-265-0753,36750 Southridge Point,Fengzhou,,
Dorri,McCarver,dmccarverkq@photobucket.com,496-182-4244,12535 Eliot Pass,Kayima,,
Sharia,Staunton,sstauntonkr@msu.edu,854-946-0147,00285 Sommers Drive,Kengyuan,,
Cathlene,Stannis,cstannisks@sciencedirect.com,758-486-7160,15849 Delladonna Hill,Chenjiahe,,
Kimble,Gabe,kgabekt@wired.com,250-668-4639,28151 Swallow Drive,Kafr Qud,,
Bendicty,Galton,bgaltonku@nih.gov,524-614-3700,0166 Grasskamp Street,Póvoa,Porto,4615-325
Gayle,Madgin,gmadginkv@prnewswire.com,962-809-7346,7667 Graedel Pass,Villa Gesell,,7165
Brad,Buckthorpe,bbuckthorpekw@soup.io,308-753-2600,84 Grayhawk Crossing,Alquízar,,
Neysa,McPolin,nmcpolinkx@mac.com,179-240-7496,46 Petterle Junction,Xarardheere,,
Rodina,Hamblyn,rhamblynky@nymag.com,186-867-4826,6346 Myrtle Center,Novogornyy,,456796
Maureen,Gleadhall,mgleadhallkz@eventbrite.com,189-176-5976,57 Delladonna Terrace,Siennica Rózana,,22-304
Ronni,Vesque,rvesquel0@themeforest.net,245-384-9339,54326 Pennsylvania Circle,Itapecuru Mirim,,65485-000
Corine,Megahey,cmegaheyl1@walmart.com,674-848-1252,7 Rusk Center,Stenungsund,Västra Götaland,444 24
Martelle,Izhaky,mizhakyl2@plala.or.jp,684-289-5108,7 Laurel Parkway,Cigaras,,4010
Derward,Westhoff,dwesthoffl3@theatlantic.com,802-185-0322,1 North Place,Zhubei,,
Johnnie,Paschke,jpaschkel4@goodreads.com,972-322-0311,075 Moulton Junction,Horad Rechytsa,,
Hildegaard,Presshaugh,hpresshaughl5@bbb.org,854-443-8723,3 2nd Court,Tabug,,2905
Friedrick,O'Sheils,fosheilsl6@trellian.com,103-239-5827,0776 Canary Avenue,Shouxihu,,
Muffin,Napier,mnapierl7@oakley.com,887-908-0563,085 Scofield Park,Bonn,Nordrhein-Westfalen,53129
Fulvia,Vittori,fvittoril8@cbsnews.com,897-379-6933,1 Dixon Road,Guohuan,,
Steve,Leaver,sleaverl9@independent.co.uk,157-219-7680,7253 School Pass,Son Tây,,
Lucienne,Jent,ljentla@usatoday.com,986-181-5046,79031 Kinsman Junction,Mitsuke,,954-0153
Norah,Scaplehorn,nscaplehornlb@hostgator.com,753-673-9349,4418 8th Trail,Dolní Cermná,,561 53
Robyn,Crawshay,rcrawshaylc@timesonline.co.uk,831-683-8594,653 Kipling Place,Krajan Baru,,
Sophey,Rodolico,srodolicold@amazon.com,750-742-7006,6999 Pine View Plaza,Zabkowice Slaskie,,57-201
Marten,Yeardley,myeardleyle@yellowpages.com,186-863-2747,4 Farwell Avenue,Benoy,,
Mervin,Pfeifer,mpfeiferlf@chronoengine.com,304-600-0847,8 Burning Wood Hill,Charleston,West Virginia,25362
Jillian,Peagram,jpeagramlg@archive.org,655-868-7403,8571 Granby Pass,Sipirok,,
Dorena,Fittis,dfittislh@parallels.com,955-192-7431,20 Stoughton Way,Pulosari,,
Julianne,Revington,jrevingtonli@blinklist.com,540-731-4165,9249 Sugar Pass,Roanoke,Virginia,24034
Merline,Matterface,mmatterfacelj@linkedin.com,785-265-2921,9994 Ronald Regan Drive,Vi?nova,,464 01
Tammy,Abercromby,tabercrombylk@guardian.co.uk,525-883-8087,73162 Eagle Crest Way,Novomoskovs?k,,
Jeno,Kehir,jkehirll@jalbum.net,137-703-0525,5 Old Gate Way,Foxton,,4848
Dermot,Chaffyn,dchaffynlm@oracle.com,343-863-0256,82 Hollow Ridge Crossing,Krajan Ngerdani,,
Lyndsay,Exroll,lexrollln@reuters.com,121-311-9912,1 Mccormick Point,Dongcun,,
Jen,Mill,jmilllo@parallels.com,392-827-3708,709 Stoughton Avenue,Amargosa,,45300-000
Elijah,Swannick,eswannicklp@theglobeandmail.com,776-511-1204,709 Dayton Center,Jugezhuang,,
Norean,Trafford,ntraffordlq@army.mil,929-468-2992,4630 Roxbury Court,Bissen,,L-7794
Frants,Benedite,fbeneditelr@latimes.com,600-635-2062,99 Raven Place,Neochórion,,
Cassandry,Warboys,cwarboysls@facebook.com,220-482-7312,027 Old Shore Plaza,Götene,Västra Götaland,533 50
Mathilda,Stenett,mstenettlt@illinois.edu,937-214-5472,52503 Transport Alley,Acharnés,,
Candie,Turfitt,cturfittlu@i2i.jp,929-786-9962,8241 Fulton Parkway,Selat,,
Radcliffe,Jodlkowski,rjodlkowskilv@linkedin.com,457-254-3763,1 Iowa Circle,Verkhnya Syrovatka,,
Zsazsa,Digance,zdigancelw@eepurl.com,927-467-1100,197 1st Hill,Trindade,,56250-000
Caryn,Hills,chillslx@slideshare.net,643-428-1112,2140 Merry Way,Cantoria,,2517
Vi,MacCarrick,vmaccarrickly@acquirethisname.com,712-877-5466,407 Bay Drive,Tanamiting,,
Zebulon,Noah,znoahlz@studiopress.com,482-941-4513,60924 Warrior Circle,Taiping,,
Aretha,Rubanenko,arubanenkom0@comsenz.com,212-587-0370,76 Larry Place,Brooklyn,New York,11254
Orin,Elsley,oelsleym1@tripod.com,860-858-3969,739 Merrick Junction,Hartford,Connecticut,06152
Arabella,Lamacraft,alamacraftm2@nytimes.com,911-747-6145,57608 Birchwood Road,Amirdzhan,,
Siward,Ventum,sventumm3@4shared.com,604-619-7401,6 Cambridge Alley,Baroh,,
Esra,Mant,emantm4@biblegateway.com,423-218-3479,4 Fairfield Pass,Ugbokpo,,
Oby,Trevain,otrevainm5@springer.com,153-699-3894,5292 Surrey Plaza,Bilicenii Vechi,,MD-6214
Valery,Szwandt,vszwandtm6@so-net.ne.jp,796-629-8061,30395 Dawn Plaza,Gelan,,
Spence,O'Gormley,sogormleym7@shinystat.com,292-713-3832,982 Ruskin Avenue,Sankeyushu,,
Cristal,Robottom,crobottomm8@google.co.uk,803-888-5894,360 Meadow Valley Court,Xinle,,
Simonne,Tesh,steshm9@list-manage.com,917-632-0413,5 Nancy Street,Mantar,,
Baudoin,Wife,bwifema@state.gov,442-393-3423,9755 Farwell Pass,Ushuaia,,9410
Bertrand,Gobeau,bgobeaumb@issuu.com,154-787-1679,65 Hanson Center,Săo José do Egito,,56700-000
Tami,Hilldrup,thilldrupmc@wikispaces.com,115-294-1566,63 Commercial Court,Tukums,,
Braden,Castillou,bcastilloumd@archive.org,811-440-9807,93979 Dwight Pass,Xinhe,,
Gavan,Diggell,gdiggellme@cdc.gov,931-794-0353,161 Summerview Avenue,Erandique,,
Glendon,Bassil,gbassilmf@i2i.jp,784-829-8320,903 Beilfuss Hill,Almere Haven,Provincie Flevoland,
Imelda,Fortin,ifortinmg@google.ru,259-810-3079,83 Magdeline Way,Ath,Wallonie,7823
Corinna,Kyte,ckytemh@networkadvertising.org,383-968-6812,43 Iowa Crossing,Asunción Mita,,22005
Dyan,Tommei,dtommeimi@boston.com,640-748-0401,4 Merry Park,Richmond,,7090
Zollie,Vell,zvellmj@weibo.com,189-474-8929,24 Lotheville Parkway,Nakasongola,,
Terri,Renfrew,trenfrewmk@washington.edu,718-788-3762,611 Talisman Circle,Krouna,,539 43
Jackqueline,Gaylord,jgaylordml@vinaora.com,728-114-7313,1660 Grayhawk Avenue,Takaishi,,215-0003
Ileane,Regus,iregusmm@ucsd.edu,594-189-5427,32541 Mendota Court,Yanwo,,
Templeton,Ewbanke,tewbankemn@typepad.com,411-320-6464,2 Prentice Lane,Vacov,,384 86
Carlynne,Pitcher,cpitchermo@t-online.de,673-958-4686,123 Monterey Point,Kefar Shemaryahu,,
Helena,Sijmons,hsijmonsmp@altervista.org,969-609-7818,3503 Prairie Rose Plaza,Libofshë,,
Art,Baudts,abaudtsmq@barnesandnoble.com,909-781-4424,70 Claremont Point,Musina,,5122
Matelda,Zanuciolii,mzanucioliimr@hc360.com,619-360-6667,1 Sunfield Center,Stavropol?,,356235
Germayne,Goldsby,ggoldsbyms@fastcompany.com,384-762-2491,09 Hintze Street,Saraza,,2804
Fletcher,Ateggart,fateggartmt@japanpost.jp,132-674-5056,4422 Corry Plaza,Nakajah,,
Wenonah,Ogborne,wogbornemu@noaa.gov,528-813-8696,07583 Hermina Park,Slawatycze,,21-515
Anissa,Narracott,anarracottmv@huffingtonpost.com,708-535-1574,7 Menomonie Circle,Cabeça Gorda,Lisboa,2530-333
Odelinda,Barrowclough,obarrowcloughmw@hc360.com,860-983-7608,90 Declaration Alley,Ambato,,
Rebe,Stoodley,rstoodleymx@alibaba.com,678-871-4373,8426 Nevada Place,Qiaolin,,
Farrah,Reckless,frecklessmy@xing.com,314-192-0327,99 Grayhawk Center,Fushi,,
Rory,Scading,rscadingmz@wix.com,843-859-4729,03 Comanche Court,Shimen,,
Tanney,Kowal,tkowaln0@google.es,246-572-7870,9755 Burning Wood Terrace,Mangkon Daja,,
Leann,Giron,lgironn1@jigsy.com,864-102-5673,768 Rowland Park,Puncaktugu,,
Bay,Grimsditch,bgrimsditchn2@slate.com,665-870-8580,880 Scofield Pass,Boavista,Viana do Castelo,4960-343
Nerta,Applebee,napplebeen3@bigcartel.com,318-940-8874,8 Heffernan Park,Smedjebacken,Dalarna,777 34
Pru,Ramsay,pramsayn4@free.fr,145-601-2861,951 8th Crossing,Chiquimulilla,,06008
Denney,Chart,dchartn5@columbia.edu,961-195-0690,1625 Badeau Center,Ventersdorp,,2712
Jeri,Bugbird,jbugbirdn6@rediff.com,364-455-8512,4 Fremont Way,L'Assomption,Québec,J5W
Dewitt,Sarl,dsarln7@wikia.com,727-955-2115,48 Springview Park,El Lolo,,
Herta,Daldan,hdaldann8@hatena.ne.jp,991-235-4570,866 Roth Avenue,Beilun,,
Juditha,Klugman,jklugmann9@desdev.cn,287-612-3424,07668 Artisan Center,Göteborg,Västra Götaland,400 29
Gabi,Paulazzi,gpaulazzina@techcrunch.com,647-993-7182,2377 Cody Lane,Bayonne,Aquitaine,64185 CEDEX
Lyda,Dysart,ldysartnb@creativecommons.org,720-640-6997,817 Waxwing Junction,Vogan,,
Gideon,Grattage,ggrattagenc@oracle.com,241-339-6971,96 Dryden Parkway,Marinilla,,054028
Karie,Armand,karmandnd@spiegel.de,971-101-6697,5037 Gale Crossing,Wanghu,,
Karlyn,Cowerd,kcowerdne@ustream.tv,709-930-0891,60 Evergreen Place,Manlio Fabio Altamirano,Veracruz Llave,94970
Bidget,Vlasenko,bvlasenkonf@paginegialle.it,106-189-8007,2038 Daystar Center,Ya?ngan,,
Skipton,Braz,sbrazng@yahoo.co.jp,593-212-0052,081 Independence Way,Woodstock,Ontario,E7M
Douglass,Dennerley,ddennerleynh@rakuten.co.jp,814-339-3876,614 Schiller Parkway,Lecherías,,
Libbi,Broady,lbroadyni@behance.net,571-959-4288,6 Oakridge Road,San Nicolas,,4207
Dwain,Wormstone,dwormstonenj@techcrunch.com,484-859-8550,513 Pearson Junction,Biaokou,,
Rodrique,Boxer,rboxernk@thetimes.co.uk,467-219-1766,1 Eagan Court,Namibe,,
Xever,Lambourne,xlambournenl@google.co.uk,961-662-0152,88 Londonderry Lane,Joaçaba,,89600-000
Pancho,Tuiller,ptuillernm@foxnews.com,157-991-4487,2 Milwaukee Street,La Plaine-Saint-Denis,Île-de-France,93571 CEDEX
Lonnard,Mangam,lmangamnn@who.int,294-290-1470,5 Blaine Court,Kirove,,
Fanny,Noot,fnootno@redcross.org,155-623-9068,0384 Crowley Terrace,Mekarsari,,
Julita,Boulton,jboultonnp@google.com.hk,389-620-5337,8826 Lawn Avenue,Brie-Comte-Robert,Île-de-France,77254 CEDEX
Meggie,Keppel,mkeppelnq@oaic.gov.au,347-665-7837,706 Mayfield Center,Bronx,New York,10469
Leanora,Pidgley,lpidgleynr@ucsd.edu,364-174-1290,1 Gina Trail,Xiaohe,,
Liane,Rearden,lreardenns@cnbc.com,588-632-3110,37 Bellgrove Circle,Tagum,,1720
Estella,Berntsson,eberntssonnt@vk.com,867-317-9555,94 Northfield Circle,Säffle,Värmland,661 42
Marje,Dutson,mdutsonnu@apache.org,959-601-7379,79416 Beilfuss Street,Rýmarov,,795 01
Theresita,Alty,taltynv@nps.gov,794-789-6304,7 Coolidge Hill,Dadong,,
Felix,Kamiyama,fkamiyamanw@rakuten.co.jp,412-416-7283,69 Pine View Alley,Dao,,5810
Hort,Fishbourn,hfishbournnx@marriott.com,379-601-1951,21 Nelson Road,?al?ul,,
Tye,Shreenan,tshreenanny@dion.ne.jp,869-198-1569,30598 Loeprich Crossing,Waterloo,Ontario,N2L
Powell,Burg,pburgnz@si.edu,739-959-3392,3 Helena Alley,Aco,,
Tanney,Bragg,tbraggo0@tinypic.com,189-190-2498,8 Havey Junction,San Agustin,Guanajuato,36800
Perle,Kunkler,pkunklero1@spotify.com,863-555-7584,626 Trailsway Park,Itanhandu,,37464-000
Morris,Cartmell,mcartmello2@w3.org,601-858-5277,291 Packers Lane,Pura,,2312
Kristin,Wyldish,kwyldisho3@utexas.edu,386-187-4967,522 Leroy Point,Asarum,Blekinge,374 53
Mariellen,Pellman,mpellmano4@nhs.uk,536-889-7127,6396 Little Fleur Place,Kodra,,
Lionello,Fronzek,lfronzeko5@ustream.tv,438-439-2445,8 Hudson Pass,Kurchaloy,,366319
Evy,Praundlin,epraundlino6@wix.com,924-538-5612,9896 Judy Point,Parczew,,21-200
Carroll,Reburn,creburno7@hubpages.com,144-645-9998,85406 Tomscot Terrace,Mandaluyong City,,1699
Milka,Murney,mmurneyo8@reference.com,833-341-6979,84 Shelley Terrace,Dianfang,,
Dorey,Matyushonok,dmatyushonoko9@tuttocitta.it,925-522-4676,368 Wayridge Junction,Dongshangen,,
Gretchen,Blaze,gblazeoa@plala.or.jp,760-422-5730,4844 Talisman Alley,Brody,,
Ilyssa,Issatt,iissattob@drupal.org,778-908-5158,04948 Eliot Pass,Yishi,,
Isabel,Crookshanks,icrookshanksoc@cocolog-nifty.com,945-689-6803,8348 Fallview Way,Victoria,,
Mohandas,Dawbery,mdawberyod@japanpost.jp,786-469-9448,66 Lien Avenue,Mougins,Provence-Alpes-Côte d'Azur,06254 CEDEX
Selena,Pretty,sprettyoe@unicef.org,318-351-6416,919 Blue Bill Park Drive,Bagikkedok Lauk,,
Abbi,Blakesley,ablakesleyof@hexun.com,757-438-3443,48 Hovde Park,Newport News,Virginia,23605
Dianne,Gibby,dgibbyog@oaic.gov.au,357-856-6184,9195 Luster Parkway,Ylihärmä,,62375
Taryn,Pieracci,tpieraccioh@unblog.fr,952-849-6766,02 Grim Center,Young America,Minnesota,55573
Suzanna,Dahlborg,sdahlborgoi@comcast.net,978-621-9829,70252 Namekagon Parkway,Vyksa,,607069
Lani,Pole,lpoleoj@simplemachines.org,674-794-9147,5006 Transport Point,Gubkinskiy,,427275
Georgia,Caro,gcarook@virginia.edu,299-151-7725,1201 Sommers Parkway,Sadská,,289 12
Joyan,Proffer,jprofferol@netlog.com,325-369-5855,979 6th Way,Pengwan,,
Norry,Antognelli,nantognelliom@yahoo.com,308-960-7691,1245 Chinook Way,Newbiggin,England,NE46
Ashien,Gainsboro,againsboroon@a8.net,108-211-9642,8 5th Park,Barra do Bugres,,78390-000
Anastasia,Charlon,acharlonoo@auda.org.au,129-580-3899,684 Pawling Way,Frutal,,38200-000
Magdalene,Glanders,mglandersop@oakley.com,873-206-9684,52122 New Castle Crossing,Křbenhavn,Region Hovedstaden,1201
Osbert,Izon,oizonoq@archive.org,203-496-3987,657 Fulton Park,Lyuban?,,
Stacie,Heindrick,sheindrickor@washington.edu,159-504-2226,6 Service Drive,Santo Tomas,,8112
Felic,Sergant,fsergantos@technorati.com,193-724-6355,9564 Daystar Trail,Mallow,,P51
Artus,Hadleigh,ahadleighot@fastcompany.com,253-370-0472,49 2nd Drive,Tours,Centre,37082 CEDEX 2
Kelsey,Rolfini,krolfiniou@storify.com,710-997-8984,68033 Corry Center,Ĺtvidaberg,Östergötland,597 96
Giovanna,Buckwell,gbuckwellov@disqus.com,579-747-9618,787 Mesta Point,Krajan Suco,,
Merilee,McIlreavy,mmcilreavyow@mapy.cz,476-313-0999,82613 Hansons Court,Tripoli,,
Lyon,Kynastone,lkynastoneox@mozilla.org,533-664-1514,1 Orin Park,Wuhu,,
Vidovic,Demko,vdemkooy@cnn.com,363-134-9917,23083 Luster Road,Australia Square,New South Wales,1213
Flossi,Orrey,forreyoz@time.com,689-147-0344,26454 Jackson Park,Taradale,,4183
Adrien,Grece,agrecep0@reuters.com,871-735-2013,8531 Roth Crossing,Săo Sebastiăo do Paraíso,,37950-000
Jens,Dallemore,jdallemorep1@clickbank.net,793-562-5971,416 American Terrace,Tarutung,,
Cassie,Gammidge,cgammidgep2@go.com,576-292-5689,6 Katie Street,Shilovo,,396907
Maxine,Spinozzi,mspinozzip3@uol.com.br,277-454-8608,838 Milwaukee Way,Huayang,,
Krystalle,Creegan,kcreeganp4@youku.com,141-370-8018,26 Vidon Crossing,Taishihe,,
Kingsly,McDavitt,kmcdavittp5@indiatimes.com,251-332-9773,88309 Summerview Street,Jarinu,,13240-000
Laural,Gatlin,lgatlinp6@state.tx.us,905-925-6568,52 Eastwood Trail,Berezovo,,
Hyman,Drees,hdreesp7@barnesandnoble.com,396-360-6502,011 Toban Way,Melong,,
Pegeen,Pasley,ppasleyp8@newsvine.com,997-911-5875,9 Comanche Avenue,Erping,,
Antonius,Franzettoini,afranzettoinip9@ask.com,600-448-7558,891 Texas Terrace,Baoshan,,
Cassius,Ternouth,cternouthpa@unc.edu,780-443-1302,7498 Charing Cross Avenue,Yartsevo,,215807
Dixie,Comizzoli,dcomizzolipb@hao123.com,635-355-7135,2461 Goodland Lane,Besuk Selatan,,
Kendre,Ciccottio,kciccottiopc@amazon.co.uk,627-860-4870,68408 Westerfield Lane,Putina,,
Broderick,Cockerham,bcockerhampd@google.co.uk,948-693-6643,221 Memorial Pass,Mora,,
Joan,Dairton,jdairtonpe@springer.com,587-269-9596,43 Mendota Avenue,eSikhawini,,3887
Becky,Kemell,bkemellpf@wufoo.com,142-544-8729,24585 Merry Court,Changsha,,
Gilberto,Grog,ggrogpg@foxnews.com,312-419-4236,4915 Nelson Circle,Xianning,,
Ase,Yexley,ayexleyph@earthlink.net,978-540-0079,2408 Carioca Plaza,Obama,,976-0022
Gwendolyn,Castelli,gcastellipi@51.la,861-924-2261,67 Crowley Court,Barreiras,,47800-000
Clare,Coggen,ccoggenpj@paginegialle.it,651-166-9138,75 Kinsman Circle,Gardawice,,44-246
Dew,Manhood,dmanhoodpk@photobucket.com,670-414-9993,4637 Becker Place,Vailoa,,
Demetria,Defond,ddefondpl@lulu.com,693-231-5961,910 Briar Crest Street,Na Chueak,,44170
Kenon,Baalham,kbaalhampm@rediff.com,732-625-1487,6646 Annamark Plaza,Cayenne,Guyane,97308 CEDEX
Philippe,Chittleburgh,pchittleburghpn@desdev.cn,568-449-6728,9 Eliot Plaza,Xinglong,,
Brenden,Bettenay,bbettenaypo@google.co.uk,122-711-6275,4 Kings Plaza,Ni?ao,,
Wilbur,La Grange,wlagrangepp@cafepress.com,254-977-9611,08 Ridgeview Hill,Jesús María,,5223
Wren,Gatherell,wgatherellpq@yahoo.com,678-603-7692,05 Judy Junction,Tanout,,
Cathleen,Juggings,cjuggingspr@edublogs.org,989-233-4890,640 Charing Cross Place,K? Anh,,
Melvin,MacDonald,mmacdonaldps@fastcompany.com,186-755-4641,742 Sycamore Trail,Chedao,,
Aldric,Topping,atoppingpt@dailymotion.com,989-892-9114,26996 Browning Court,Encrucijada,,
Warde,Rockey,wrockeypu@cpanel.net,353-562-1314,8 Gulseth Center,Luleĺ,Norrbotten,974 36
Gae,Ketchaside,gketchasidepv@imdb.com,142-617-1900,5356 Loomis Point,Bagumbayan,,9810
Ali,Linnard,alinnardpw@go.com,891-866-1424,28315 Mifflin Street,Yaotian,,
Sarina,Newbury,snewburypx@people.com.cn,534-809-3190,70753 Brown Place,Málaga,,682027
Auria,Hoyle,ahoylepy@boston.com,104-132-0532,67 Fieldstone Drive,Zator,,32-640
Erl,Ell,eellpz@facebook.com,353-230-0388,43251 1st Road,Tyringe,Skĺne,282 91
Clayson,Tarzey,ctarzeyq0@soundcloud.com,325-631-0336,014 West Junction,L-Iklin,,ZTN
Gerard,Torricina,gtorricinaq1@prweb.com,740-870-9459,0040 Drewry Park,Taocheng,,
Chrissy,Keir,ckeirq2@spotify.com,236-161-6955,492 Raven Junction,Gimry,,368959
Homere,Van der Hoven,hvanderhovenq3@opera.com,563-966-8666,8827 Center Plaza,Huayuan,,
Annaliese,Paxman,apaxmanq4@aol.com,117-703-5891,48 Linden Center,Haicheng,,
Humphrey,Dollman,hdollmanq5@pen.io,257-101-1826,1125 Village Green Place,Rzhev,,172389
Gerick,Rosenzveig,grosenzveigq6@so-net.ne.jp,768-803-7655,53764 Karstens Center,Riachăo das Neves,,47970-000
Jenni,Berthelmot,jberthelmotq7@live.com,429-205-3643,5 Marquette Trail,Bokkos,,
Sherwin,Froment,sfromentq8@netscape.com,605-262-9575,26244 Cambridge Point,Hamburg Bramfeld,Hamburg,22179
Connie,Caldow,ccaldowq9@homestead.com,694-475-0028,6 Fairview Plaza,Lairoka,,
Gaylor,Hoston,ghostonqa@squidoo.com,702-211-8610,67670 Summerview Street,Karangpawitan,,
Filbert,Garbutt,fgarbuttqb@geocities.com,810-367-4360,8717 Forest Court,Nouakchott,,
Gabie,Wasielewski,gwasielewskiqc@hatena.ne.jp,721-559-6453,9 Esker Hill,Lupak,,
Cesaro,McKaile,cmckaileqd@topsy.com,510-882-1440,5010 Lakeland Street,Herálec,,592 01
Gherardo,Skuce,gskuceqe@auda.org.au,935-196-8609,27081 East Way,San Juan,Pr,00918
Colin,Langstaff,clangstaffqf@amazon.co.jp,373-577-0901,0574 Graedel Hill,Săo Bento do Sul,,89290-000
Doll,Kenneway,dkennewayqg@behance.net,387-850-7797,22 Clemons Terrace,Genova,Liguria,16135
Dianemarie,Bradford,dbradfordqh@pen.io,766-331-7708,68 Dayton Junction,Baolong,,
Correy,Filchagin,cfilchaginqi@dell.com,753-971-6379,3 Milwaukee Hill,Buensuseso,,2011
Peria,Forson,pforsonqj@reverbnation.com,294-832-4180,1959 Ridgeview Parkway,Marinilla,,054028
Kerianne,Itzhayek,kitzhayekqk@delicious.com,498-349-9429,9 Barnett Point,Tortosendo,Castelo Branco,6200-723
Rahal,Casley,rcasleyql@mysql.com,400-105-2141,2203 Lake View Terrace,Steblevë,,
Ermanno,Dallan,edallanqm@1688.com,878-206-9578,049 Myrtle Crossing,Toyohashi,,393-0001
Mauricio,Blunsum,mblunsumqn@timesonline.co.uk,465-544-4281,401 Everett Park,Dicamay,,6011
Caye,Ivanitsa,civanitsaqo@telegraph.co.uk,811-110-9845,648 Paget Road,Wysoka,,89-320
Jany,Barbera,jbarberaqp@last.fm,996-304-2317,1199 Cody Alley,Carbajales,,
Hendrick,Greenard,hgreenardqq@usatoday.com,354-889-0129,1779 Corry Alley,Pianling,,
Karita,MacVaugh,kmacvaughqr@wunderground.com,245-666-7595,82807 Morning Terrace,Krasnogorskoye,,427650
Kenyon,Arnason,karnasonqs@kickstarter.com,199-470-1881,42160 Ilene Alley,Miratejo,Setúbal,2855-188
Cleo,Chiese,cchieseqt@cbc.ca,215-586-0034,094 International Crossing,Cabanas,Setúbal,2950-556
Chicky,Devlin,cdevlinqu@dailymail.co.uk,905-700-5994,80 Sunbrook Way,Sudomerice,,696 66
Albrecht,Clemonts,aclemontsqv@stanford.edu,695-136-6388,61 Waxwing Place,Jiaoxie,,
Shannan,Fruchon,sfruchonqw@whitehouse.gov,867-188-4748,3979 Mockingbird Hill,Hluboká nad Vltavou,,373 41
Laurianne,Geal,lgealqx@skype.com,345-285-2027,1 Schurz Circle,Garhi Yasin,,78151
Nanice,Pickin,npickinqy@hostgator.com,727-576-1284,0683 Del Mar Place,Saint Petersburg,Florida,33715
Frederic,Sautter,fsautterqz@omniture.com,412-149-7064,2 Saint Paul Trail,Mirecourt,Lorraine,88504 CEDEX
Red,Wolfers,rwolfersr0@unicef.org,703-759-2176,20303 Comanche Parkway,Mayfa?ah,,
Antonius,Whittick,awhittickr1@flickr.com,842-752-8703,9 Nevada Parkway,Slunj,,47240
Bryna,Champerlen,bchamperlenr2@eepurl.com,980-342-5998,33 Mosinee Way,Voskhod,,
Nessie,Yuill,nyuillr3@delicious.com,550-567-7323,9492 Ohio Lane,Namur,Wallonie,5100
Florian,Nyssen,fnyssenr4@icq.com,755-742-1694,100 Holmberg Avenue,Hengliang,,
Jorry,Renackowna,jrenackownar5@about.me,204-769-1183,3835 La Follette Point,Nova Iguaçu,,26000-000
Mirabelle,Atmore,matmorer6@go.com,189-772-1278,05 Hauk Drive,Frankfurt am Main,Hessen,60325
Fabien,Willison,fwillisonr7@theglobeandmail.com,200-435-7494,05885 Veith Park,Luoshan,,
Jo-ann,Burnsides,jburnsidesr8@jigsy.com,536-493-8892,86605 Graceland Plaza,Velyka Lepetykha,,
Wernher,Keble,wkebler9@weebly.com,966-913-5272,5 Mendota Place,Tawau,Sabah,91020
Trista,Frizzell,tfrizzellra@over-blog.com,808-891-7262,5980 Westridge Court,Çobansignaq,,
Ermin,Conkey,econkeyrb@is.gd,644-341-5647,0639 Beilfuss Street,Bebedahan,,
Deirdre,Fellgatt,dfellgattrc@fotki.com,629-112-1280,83 Lakeland Way,Sölvesborg,Blekinge,294 21
Annis,Lowth,alowthrd@amazon.co.jp,308-566-5065,87 Alpine Trail,Fanrong,,
Jacquette,West-Frimley,jwestfrimleyre@reference.com,398-431-5257,762 Ronald Regan Junction,Chahe,,
Kirby,Esslement,kesslementrf@techcrunch.com,945-139-5716,504 Northport Drive,Podkamennaya Tunguska,,663246
Elfie,Le Count,elecountrg@freewebs.com,833-581-6478,7 Cardinal Drive,P?rimorsk?oe,,
Barty,Gentile,bgentilerh@cpanel.net,250-668-6023,38921 Northview Plaza,Shixi,,
Nap,Bolderson,nboldersonri@list-manage.com,698-543-9934,7432 Scott Circle,Săo Marcos da Serra,Faro,8375-254
Rozele,Bleasdille,rbleasdillerj@amazon.co.jp,817-241-8055,885 Ruskin Court,Fort Worth,Texas,76110
Cindie,Tomek,ctomekrk@privacy.gov.au,223-264-2979,72547 Vidon Way,Antsiranana,,
Vinnie,Ettery,vetteryrl@netscape.com,284-548-4681,6 Stuart Point,Nar'yan-Mar,,166004
Viola,Garrish,vgarrishrm@addtoany.com,629-827-0440,9226 Pawling Parkway,Jatisari,,
Hy,Simounet,hsimounetrn@goo.gl,647-530-4323,84767 Vidon Avenue,Gotse Delchev,,2971
Prinz,Peele,ppeelero@tinyurl.com,359-708-4480,16916 Dixon Road,Queimados,,26300-000
Silva,Atte-Stone,sattestonerp@ox.ac.uk,276-989-5210,68 Loeprich Street,Cha?anpu,,
Aldus,Dimblebee,adimblebeerq@columbia.edu,909-874-6600,14487 Sachtjen Road,Yangzi,,
Nadeen,Huckerbe,nhuckerberr@deviantart.com,841-378-9195,178 Ryan Point,Xubao,,
Barty,Gentile,bgentilerh@cpanel.net,250-668-6023,38921 Northview Plaza,Shixi,,
Nap,Bolderson,nboldersonri@list-manage.com,698-543-9934,7432 Scott Circle,Săo Marcos da Serra,Faro,8375-254
Rozele,Bleasdille,rbleasdillerj@amazon.co.jp,817-241-8055,885 Ruskin Court,Fort Worth,Texas,76110
Cindie,Tomek,ctomekrk@privacy.gov.au,223-264-2979,72547 Vidon Way,Antsiranana,,
Vinnie,Ettery,vetteryrl@netscape.com,284-548-4681,6 Stuart Point,Nar'yan-Mar,,166004
Viola,Garrish,vgarrishrm@addtoany.com,629-827-0440,9226 Pawling Parkway,Jatisari,,
Hy,Simounet,hsimounetrn@goo.gl,647-530-4323,84767 Vidon Avenue,Gotse Delchev,,2971
Prinz,Peele,ppeelero@tinyurl.com,359-708-4480,16916 Dixon Road,Queimados,,26300-000
Silva,Atte-Stone,sattestonerp@ox.ac.uk,276-989-5210,68 Loeprich Street,Cha?anpu,,
Aldus,Dimblebee,adimblebeerq@columbia.edu,909-874-6600,14487 Sachtjen Road,Yangzi,,
Nadeen,Huckerbe,nhuckerberr@deviantart.com,841-378-9195,178 Ryan Point,Xubao,,
